140392607508160,222.37976999895182,158,54888,761,916,0,0
140392579172032,102.44294699987222,155,54912,761,584,0,0
140392588617408,111.45251899870345,150,54904,761,47,0,0
140392569726656,85.13711000159674,158,54916,761,916,0,0
140392598062784,126.77391999932297,163,54900,761,1449,0,0
140392598062784,88.8735850003286,155,54918,761,584,0,0
140392579172032,55.18267499974172,150,54920,761,47,0,0
140392579172032,123.72976099868538,155,53050,761,584,0,0
140392579172032,43.764889998783474,153,56988,761,361,0,0
140392579172032,191.93516499944963,171,39748,761,2274,0,0
140392579172032,55.295447000389686,154,50034,761,472,0,0
140392579172032,66.03266400088614,150,60194,761,47,0,0
140392579172032,82.33636899967678,153,60204,761,361,0,0
140392579172032,276.8664169998374,171,40618,761,2274,0,0
140392579172032,76.03205600025831,163,40630,761,1449,0,0
140392579172032,38.40086299896939,153,40638,761,361,0,0
140392579172032,28.672483000264037,155,47058,761,584,0,0
140392579172032,441.63702800142346,158,47066,761,916,0,0
140392579172032,43.98369400041702,150,46888,761,47,0,0
140392579172032,46.77038000045286,154,57912,761,472,0,0
140392579172032,43.859290999535006,153,57922,761,361,0,0
140392579172032,93.58044399959908,154,57928,761,472,0,0
140392579172032,105.97852099999727,153,52270,761,361,0,0
140392579172032,51.20204400009243,150,52274,761,47,0,0
140392579172032,154.56223799992586,153,54514,761,361,0,0
140392579172032,177.2452320001321,158,54522,761,916,0,0
140392579172032,355.3025540004455,171,40786,761,2274,0,0
140392579172032,93.07552099926397,154,40796,761,472,0,0
140392579172032,114.31449099836755,158,40812,761,916,0,0
140392579172032,233.984963999319,158,39972,761,916,0,0
140392579172032,83.61166099894035,163,39986,761,1449,0,0
140392579172032,100.83919899989269,171,39408,761,2274,0,0
140392579172032,66.7274309998902,154,48418,761,472,0,0
140392579172032,34.115561000362504,150,36136,761,47,0,0
140392579172032,213.22076199976436,153,59376,761,361,0,0
140392579172032,113.02525199971569,171,59390,761,2274,0,0
140392579172032,218.3759019990248,158,59394,761,916,0,0
140392579172032,125.97587700111035,163,59410,761,1449,0,0
140392579172032,141.4385919997585,158,59424,761,916,0,0
140392579172032,246.26882299889985,158,50618,761,916,0,0
140392579172032,60.290576999250334,150,50634,761,47,0,0
140392579172032,45.61231000116095,155,45194,761,584,0,0
140392579172032,159.08400300031644,155,45202,761,584,0,0
140392579172032,217.64066200012167,163,45214,761,1449,0,0
140392579172032,104.98193399871525,153,43300,761,361,0,0
140392579172032,173.98047799906635,171,39188,761,2274,0,0
140392579172032,204.9334989987983,153,39192,761,361,0,0
140392579172032,76.11950400132628,150,42256,761,47,0,0
140392561333952,84.48614599910798,163,58064,761,1449,0,0
140392561333952,55.33712699980242,163,39954,761,1449,0,0
140392561333952,91.821523001272,150,39966,761,47,0,0
140392579172032,456.15120099864725,154,39402,761,472,0,0
140392569726656,523.5852920013713,163,39408,761,1449,0,0
140392588617408,511.4143709997734,150,39414,761,47,0,0
140392607508160,411.13513200070884,154,39430,761,472,0,0
140392079029952,352.17470499992487,154,39458,761,472,0,0
140392070637248,374.93252199965355,158,39466,761,916,0,0
140392598062784,685.6246550014475,171,39406,761,2274,0,0
140392053851840,488.3139680005115,158,39486,761,916,0,0
140392062244544,503.84852699971816,150,39470,761,47,0,0
140392561333952,787.4108619998879,171,39442,761,2274,0,0
140392561333952,142.0101940002496,155,39488,761,584,0,0
140392561333952,36.04024700143782,158,36158,761,916,0,0
140392561333952,122.90203199881944,154,36174,761,472,0,0
140392561333952,55.042252999555785,150,59216,761,47,0,0
140392561333952,38.904606000869535,155,59228,761,584,0,0
140392561333952,219.4926709998981,154,59242,761,472,0,0
140392561333952,136.93833599973004,158,47358,761,916,0,0
140392561333952,63.51708399961353,155,47364,761,584,0,0
140392561333952,56.04041900005541,154,43580,761,472,0,0
140392561333952,176.7414909991203,171,60422,761,2274,0,0
140392561333952,302.8515249989141,153,60424,761,361,0,0
140392561333952,93.58760700160929,155,60428,761,584,0,0
140392561333952,33.02735999932338,154,60436,761,472,0,0
140392062244544,158.54409799976565,158,38714,761,916,0,0
140392062244544,235.2045719999296,163,37694,761,1449,0,0
140392062244544,158.53066999989096,171,37710,761,2274,0,0
140392062244544,190.33984599991527,154,37720,761,472,0,0
140392062244544,166.73740599981102,155,37726,761,584,0,0
140392062244544,236.6641829994478,155,37728,761,584,0,0
140392062244544,98.67456999927526,158,34594,761,916,0,0
140392062244544,489.75063000034424,171,34604,761,2274,0,0
140392062244544,96.19599799952994,153,51160,761,361,0,0
140392062244544,240.2632450011879,153,51174,761,361,0,0
140392062244544,48.03743200136523,155,51184,761,584,0,0
140392062244544,181.9525299997622,163,42150,761,1449,0,0
140392062244544,45.98012499991455,154,42164,761,472,0,0
140392062244544,84.77902300001006,155,32818,761,584,0,0
140392062244544,45.00366100000974,153,32832,761,361,0,0
140392062244544,67.34495199998491,158,32844,761,916,0,0
140392062244544,48.860147999221226,154,32850,761,472,0,0
140392062244544,182.9135320003843,154,32852,761,472,0,0
140392062244544,63.56194100044377,163,32864,761,1449,0,0
140392561333952,114.57580800015421,155,32868,761,584,0,0
140392561333952,38.171583000803366,150,32882,761,47,0,0
140392561333952,168.29818100086413,163,59672,761,1449,0,0
140392561333952,152.8791419987101,150,59678,761,47,0,0
140392561333952,86.85376299945347,163,59692,761,1449,0,0
140392561333952,171.08742600066762,158,59700,761,916,0,0
140392561333952,62.07964799978072,163,59704,761,1449,0,0
140392561333952,131.2665149998793,171,59708,761,2274,0,0
140392561333952,108.03913400013698,171,59710,761,2274,0,0
140392561333952,71.79818599979626,158,60320,761,916,0,0
140392561333952,187.3551900007442,158,60326,761,916,0,0
140392561333952,121.6836540006625,158,60332,761,916,0,0
140392561333952,40.54546299994399,154,60348,761,472,0,0
140392561333952,69.74282200098969,154,54732,761,472,0,0
140392561333952,33.172098999784794,150,54734,761,47,0,0
140392561333952,124.93862799965427,163,54748,761,1449,0,0
140392561333952,158.0884969989711,153,42066,761,361,0,0
140392561333952,151.77287500046077,158,42080,761,916,0,0
140392561333952,191.67321100030676,155,42096,761,584,0,0
140392561333952,86.23712699954922,163,42112,761,1449,0,0
140392561333952,63.14338599986513,155,53880,761,584,0,0
140392062244544,27.75535599903378,153,53888,761,361,0,0
140392062244544,96.25253500053077,158,57862,761,916,0,0
140392062244544,64.89849500030687,155,57868,761,584,0,0
140392062244544,172.12129600011394,171,57878,761,2274,0,0
140392062244544,60.79239199971198,150,57890,761,47,0,0
140392062244544,138.68969600116543,163,49324,761,1449,0,0
140392062244544,56.523397001001285,150,49330,761,47,0,0
140392062244544,123.07281799985503,163,50894,761,1449,0,0
140392062244544,221.57625399995595,153,50904,761,361,0,0
140392561333952,46.991907998744864,150,50918,761,47,0,0
140392561333952,97.6383529996383,153,50926,761,361,0,0
140392561333952,65.15205499999865,154,43404,761,472,0,0
140392062244544,123.8769739993586,171,43414,761,2274,0,0
140392062244544,319.01242900130455,163,43416,761,1449,0,0
140392561333952,145.5714240000816,158,43424,761,916,0,0
140392561333952,344.332194999879,154,43438,761,472,0,0
140392561333952,253.80194100034714,155,43452,761,584,0,0
140392561333952,137.03066800007946,171,34276,761,2274,0,0
140392561333952,130.7103859999188,155,55442,761,584,0,0
140392561333952,111.30025799866416,158,55452,761,916,0,0
140392561333952,320.278025999869,171,55456,761,2274,0,0
140392561333952,90.81728999990446,154,55462,761,472,0,0
140392561333952,144.17299600063416,154,33954,761,472,0,0
140392561333952,181.87095699977363,171,33970,761,2274,0,0
140392561333952,51.92296700079169,153,33978,761,361,0,0
140392561333952,84.25731300121697,155,33992,761,584,0,0
140392561333952,88.59673100050713,171,34000,761,2274,0,0
140392561333952,28.38981799868634,153,34002,761,361,0,0
140392561333952,170.37259999960952,150,34018,761,47,0,0
140392561333952,55.87053900126193,153,57810,761,361,0,0
140392561333952,70.98186599978362,153,57826,761,361,0,0
140392561333952,296.64727599993057,155,49866,761,584,0,0
140392561333952,354.5964320001076,171,49876,761,2274,0,0
140392561333952,266.07621000039217,171,40842,761,2274,0,0
140391525373632,953.5698670006241,155,40856,761,584,0,0
140392598062784,1979.8813779998454,158,40864,761,916,0,0
140392598062784,55.381710999427014,153,40868,761,361,0,0
140392598062784,67.35866800045187,150,40872,761,47,0,0
140392598062784,203.58177199886995,171,36684,761,2274,0,0
140392598062784,72.97984899923904,155,36686,761,584,0,0
140392598062784,79.76418500038562,155,36702,761,584,0,0
140392561333952,130.34595099998114,153,53916,761,361,0,0
140392561333952,246.69768099920475,154,53928,761,472,0,0
140392561333952,200.5022450011893,158,47644,761,916,0,0
140392561333952,106.05252499954076,153,47656,761,361,0,0
140392561333952,321.0897640001349,171,41100,761,2274,0,0
140392561333952,317.23489800060634,153,41104,761,361,0,0
140392062244544,303.7763319989608,163,41110,761,1449,0,0
140392062244544,47.73420899982739,153,41118,761,361,0,0
140392062244544,190.43835600132297,171,41124,761,2274,0,0
140392062244544,108.2305109994195,171,35990,761,2274,0,0
140392062244544,170.02429199965263,171,35992,761,2274,0,0
140392062244544,77.59719699970447,155,42288,761,584,0,0
140392062244544,114.56715500025894,158,49902,761,916,0,0
140392062244544,115.63626700080931,158,49912,761,916,0,0
140392062244544,260.35361899994314,171,41432,761,2274,0,0
140392561333952,111.94242099918483,158,41442,761,916,0,0
140392561333952,194.54191100157914,154,34668,761,472,0,0
140392561333952,45.305857000130345,154,34684,761,472,0,0
140392561333952,245.15385699851322,171,44834,761,2274,0,0
140392561333952,66.79222399907303,155,54354,761,584,0,0
140392561333952,88.01547499933804,150,54366,761,47,0,0
140392561333952,108.5321919999842,158,55380,761,916,0,0
140392561333952,74.33002099969599,155,55394,761,584,0,0
140392561333952,39.185486999485875,150,55408,761,47,0,0
140392561333952,101.54969199902553,153,35084,761,361,0,0
140392062244544,199.84400999965146,171,35096,761,2274,0,0
140392062244544,90.70149999934074,171,36238,761,2274,0,0
140392062244544,152.38740399945527,163,42272,761,1449,0,0
140392062244544,225.33779600053094,171,42284,761,2274,0,0
140392561333952,49.64121699958923,153,57202,761,361,0,0
140392561333952,26.756359000501106,150,57204,761,47,0,0
140392561333952,199.86107600016112,163,57214,761,1449,0,0
140392561333952,400.0804019997304,163,51634,761,1449,0,0
140392561333952,103.36157600067963,154,51646,761,472,0,0
140392561333952,276.0044469996501,171,46988,761,2274,0,0
140392561333952,123.40160699932312,150,47000,761,47,0,0
140392561333952,146.05560500058345,158,47008,761,916,0,0
140392561333952,71.50381500105141,155,47018,761,584,0,0
140392561333952,151.58884700031194,163,53166,761,1449,0,0
140392598062784,98.64825200020277,150,52514,761,47,0,0
140392598062784,81.06293400123832,154,38456,761,472,0,0
140391542159040,89.3793729992467,163,33018,761,1449,0,0
140391542159040,67.10971000029531,155,54304,761,584,0,0
140391542159040,79.0142959995137,153,54318,761,361,0,0
140391542159040,114.42770400026347,154,54320,761,472,0,0
140391542159040,42.11580799892545,155,45360,761,584,0,0
140392598062784,40.757310000117286,153,45362,761,361,0,0
140392598062784,210.5340439993597,154,34232,761,472,0,0
140391542159040,125.56948699966597,158,43828,761,916,0,0
140392598062784,298.5369969992462,163,43840,761,1449,0,0
140392598062784,283.30115799872146,154,43848,761,472,0,0
140392053851840,372.5586180007667,154,59600,761,472,0,0
140392062244544,385.7141070002399,163,59586,761,1449,0,0
140392598062784,371.5920449994883,158,59610,761,916,0,0
140392607508160,439.99997500031895,158,59616,761,916,0,0
140392589670080,413.0894480003917,154,59624,761,472,0,0
140392581277376,401.80925099957676,163,59640,761,1449,0,0
140392561333952,726.6634690004139,171,59580,761,2274,0,0
140392572884672,545.9430560003966,155,59642,761,584,0,0
140392079029952,900.9850779984845,154,59650,761,472,0,0
140392045459136,892.9849160012964,158,59662,761,916,0,0
140392070637248,908.6241139993945,155,59658,761,584,0,0
140392028673728,842.5210519999382,155,59684,761,584,0,0
140391533766336,786.4866599993547,154,59694,761,472,0,0
140392037066432,883.2901189998665,158,59668,761,916,0,0
140391542159040,1478.2769979992736,171,59686,761,2274,0,0
140392598062784,48.89111699958448,150,59704,761,47,0,0
140392598062784,34.29871799926332,155,39202,761,584,0,0
140392598062784,88.96649300004356,154,39214,761,472,0,0
140392598062784,50.93680299978587,150,39218,761,47,0,0
140391542159040,35.628825000458164,150,57356,761,47,0,0
140391542159040,93.76466200046707,155,57364,761,584,0,0
140391542159040,27.5393060001079,154,47914,761,472,0,0
140391542159040,98.66999300174939,154,47928,761,472,0,0
140391542159040,56.014534000496496,154,58718,761,472,0,0
140391542159040,59.42199600031017,155,58728,761,584,0,0
140391542159040,43.70502200072224,153,58740,761,361,0,0
140392598062784,230.01041000134137,171,58754,761,2274,0,0
140391542159040,234.9850989994593,171,58742,761,2274,0,0
140391542159040,179.08614999942074,163,58762,761,1449,0,0
140391542159040,115.13503799869795,153,58776,761,361,0,0
140391542159040,283.2078139999794,163,58778,761,1449,0,0
140391542159040,33.440223000070546,158,58794,761,916,0,0
140392598062784,186.07816899930185,163,58796,761,1449,0,0
140392598062784,48.55125300127838,150,57926,761,47,0,0
140392598062784,106.32822899970051,163,57928,761,1449,0,0
140392598062784,178.74956500054395,163,57942,761,1449,0,0
140391542159040,102.0766609999555,150,57958,761,47,0,0
140391542159040,63.82056000074954,150,38716,761,47,0,0
140391542159040,289.72424600033264,171,38726,761,2274,0,0
140391542159040,61.71941599859565,154,38732,761,472,0,0
140392598062784,55.357930999889504,155,38748,761,584,0,0
140392598062784,88.06034200097201,155,39472,761,584,0,0
140392598062784,110.99695899974904,154,39478,761,472,0,0
140391542159040,200.59257600041747,155,39480,761,584,0,0
140391542159040,48.98751899963827,150,39490,761,47,0,0
140391542159040,168.3005390004837,155,39498,761,584,0,0
140391542159040,126.92376700033492,171,39502,761,2274,0,0
140391542159040,97.9579159993591,150,36276,761,47,0,0
140391542159040,59.3379570000252,153,36278,761,361,0,0
140391542159040,145.7805459995143,154,36280,761,472,0,0
140392598062784,32.067740999991656,155,36288,761,584,0,0
140392598062784,130.12165699910838,171,36290,761,2274,0,0
140392598062784,211.99273399906815,153,36708,761,361,0,0
140392598062784,127.1027269995102,171,36714,761,2274,0,0
140392598062784,26.890973998888512,153,36716,761,361,0,0
140392598062784,48.60485199969844,153,49508,761,361,0,0
140391542159040,418.37740300070436,163,49512,761,1449,0,0
140391542159040,217.7452779997111,158,54142,761,916,0,0
140391542159040,160.57863499918312,171,54144,761,2274,0,0
140392598062784,91.76846499940439,154,54154,761,472,0,0
140391542159040,84.43620899925008,163,54168,761,1449,0,0
140391542159040,122.29210499936016,163,47892,761,1449,0,0
140392598062784,50.38521299866261,153,34084,761,361,0,0
140392598062784,249.4912199999817,155,34096,761,584,0,0
140391542159040,267.44827900074597,163,34106,761,1449,0,0
140391542159040,210.91662000071665,171,34114,761,2274,0,0
140391542159040,43.94753000087803,153,34116,761,361,0,0
140392598062784,67.21850400026597,158,46148,761,916,0,0
140391542159040,56.7963889989187,171,51122,761,2274,0,0
140391542159040,111.45498000041698,153,51130,761,361,0,0
140391542159040,120.82294799984084,154,51144,761,472,0,0
140391542159040,122.77629300115223,163,50032,761,1449,0,0
140391542159040,169.32715499933693,154,50038,761,472,0,0
140392598062784,219.687167000302,171,50044,761,2274,0,0
140392598062784,64.80928800010588,150,53950,761,47,0,0
140392598062784,127.4953510001069,163,53966,761,1449,0,0
140392598062784,88.48703999865393,158,53972,761,916,0,0
140391542159040,96.23873600139632,163,53986,761,1449,0,0
140392598062784,165.24465200018312,171,53998,761,2274,0,0
140391542159040,72.0735959985177,153,48406,761,361,0,0
140391542159040,58.18321500009915,150,48416,761,47,0,0
140391542159040,38.22478100119042,155,60892,761,584,0,0
140391542159040,101.1445599997387,153,60900,761,361,0,0
140391542159040,145.65984999899229,163,41516,761,1449,0,0
140391542159040,51.57429999962915,154,41532,761,472,0,0
140391542159040,168.96627400092257,158,41304,761,916,0,0
140391542159040,77.61077400027716,153,41318,761,361,0,0
140391542159040,73.19797000127437,155,41330,761,584,0,0
140391542159040,130.55475500004832,154,41334,761,472,0,0
140391542159040,170.74751199834282,158,41338,761,916,0,0
140391542159040,203.11365099951217,158,41350,761,916,0,0
140391542159040,201.542242000869,153,44162,761,361,0,0
140391542159040,341.61693200076115,163,44164,761,1449,0,0
140391542159040,59.561208998275106,163,44168,761,1449,0,0
140391542159040,162.25572799885413,171,44170,761,2274,0,0
140392598062784,238.79100199883396,171,44174,761,2274,0,0
140392598062784,336.5429520017642,171,44186,761,2274,0,0
140392598062784,70.57102699945972,155,48628,761,584,0,0
140392598062784,129.94126699959452,155,60486,761,584,0,0
140391542159040,137.2552020002331,158,49500,761,916,0,0
140392598062784,149.8645640003815,150,49496,761,47,0,0
140392598062784,125.08898600026441,158,49506,761,916,0,0
140392598062784,91.93130300081975,155,49518,761,584,0,0
140392598062784,49.67432500052382,158,49520,761,916,0,0
140392598062784,208.42461200118123,158,51994,761,916,0,0
140392598062784,233.40456100049778,158,52010,761,916,0,0
140392598062784,87.52420699966024,153,52016,761,361,0,0
140392598062784,231.60344999996596,171,52028,761,2274,0,0
140392598062784,305.5536649990245,153,52044,761,361,0,0
140392598062784,119.6025320004992,150,52054,761,47,0,0
140392598062784,122.65096599912795,158,46806,761,916,0,0
140392598062784,90.94223700049042,154,46818,761,472,0,0
140392598062784,153.1251489996066,163,46828,761,1449,0,0
140391542159040,164.84248399865464,171,46832,761,2274,0,0
140391542159040,220.41382999850612,155,46842,761,584,0,0
140391542159040,105.85242600063793,163,46850,761,1449,0,0
140391542159040,28.61650200065924,163,60342,761,1449,0,0
140391542159040,95.2150659995823,155,60354,761,584,0,0
140391542159040,54.61965599897667,155,60360,761,584,0,0
140391542159040,231.73343400048907,158,60364,761,916,0,0
140391542159040,45.45657600101549,153,60376,761,361,0,0
140391542159040,103.99755700018432,155,60378,761,584,0,0
140391542159040,121.42992700137256,150,33684,761,47,0,0
140391542159040,90.79060699878028,154,33692,761,472,0,0
140391542159040,480.38737999922887,171,33708,761,2274,0,0
140391542159040,110.3114130000904,154,33722,761,472,0,0
140391542159040,228.99469399999361,171,33736,761,2274,0,0
140391542159040,86.6611350011226,150,33744,761,47,0,0
140391542159040,347.1737059990119,171,33750,761,2274,0,0
140391542159040,301.77834299865935,163,33766,761,1449,0,0
140391542159040,55.8683960007329,154,37812,761,472,0,0
140391542159040,51.61155200039502,150,37820,761,47,0,0
140391542159040,38.38868300044851,150,37830,761,47,0,0
140391542159040,79.06826900034503,153,37834,761,361,0,0
140391542159040,274.72857399880013,155,37846,761,584,0,0
140391542159040,62.9271929992683,153,37854,761,361,0,0
140391542159040,140.91208500030916,153,60152,761,361,0,0
140391542159040,122.80275900047855,154,60168,761,472,0,0
140391542159040,48.74524200022279,150,60172,761,47,0,0
140391542159040,263.81004699942423,171,60186,761,2274,0,0
140391542159040,129.2815380002139,163,60188,761,1449,0,0
140392598062784,62.5566130001971,154,40878,761,472,0,0
140392598062784,111.65876499944716,155,40880,761,584,0,0
140392598062784,54.17642300017178,154,40942,761,472,0,0
140392598062784,127.09689299845195,158,40952,761,916,0,0
140392598062784,129.51049099865486,150,40958,761,47,0,0
140392598062784,169.82331599865574,154,40964,761,472,0,0
140392598062784,61.86807500125724,155,40980,761,584,0,0
140392598062784,141.86563699877297,154,40996,761,472,0,0
140392598062784,128.69808100003866,163,33172,761,1449,0,0
140392598062784,269.32699300050444,171,33180,761,2274,0,0
140392598062784,82.93684399905032,171,33186,761,2274,0,0
140392598062784,38.30835400003707,154,33194,761,472,0,0
140392598062784,150.9551269991789,171,33198,761,2274,0,0
140392598062784,72.14799400026095,171,33208,761,2274,0,0
140392598062784,220.207575999666,153,33214,761,361,0,0
140391542159040,207.56110199909017,153,33228,761,361,0,0
140391542159040,1252.4139659999491,158,40642,761,916,0,0
140391525373632,1296.7624960001558,153,40650,761,361,0,0
140392037066432,1188.9471349986707,150,40664,761,47,0,0
140392598062784,1190.8636430016486,153,40658,761,361,0,0
140392581277376,965.6587239987857,158,40678,761,916,0,0
140392572884672,1091.5361469997151,150,40684,761,47,0,0
140392079029952,911.9688039991161,163,40700,761,1449,0,0
140392070637248,909.7163700007513,158,40714,761,916,0,0
140392564491968,930.5903790009324,154,40688,761,472,0,0
140392053851840,907.2239550005179,163,40724,761,1449,0,0
140392045459136,878.2485689989699,158,40738,761,916,0,0
140392589670080,1777.6926909991744,171,40674,761,2274,0,0
140392607508160,2093.870661999972,171,40666,761,2274,0,0
140392028673728,1612.9149080006755,163,40746,761,1449,0,0
140391533766336,1740.9307189991523,150,40756,761,47,0,0
140391516980928,1706.0249740006839,153,40768,761,361,0,0
140391508588224,1676.9272679994174,153,40772,761,361,0,0
140391500195520,1639.0158510002948,155,40786,761,584,0,0
140392062244544,2378.873568999552,171,40722,761,2274,0,0
140391491802816,2939.933796000332,171,40800,761,2274,0,0
140391500195520,391.11419199980446,163,40816,761,1449,0,0
140392607508160,100.83836700141546,171,40828,761,2274,0,0
140392607508160,68.21763399966585,153,40840,761,361,0,0
140391500195520,124.37767600022198,155,46396,761,584,0,0
140392607508160,215.08160600023984,153,46398,761,361,0,0
140392607508160,223.26100899954326,171,46104,761,2274,0,0
140392607508160,67.28395399841247,155,46120,761,584,0,0
140392607508160,147.72267999978794,158,55762,761,916,0,0
140391500195520,76.23224700000719,158,55774,761,916,0,0
140391500195520,113.27508700014732,158,55788,761,916,0,0
140391500195520,114.77385500074888,154,55796,761,472,0,0
140391500195520,49.80873100066674,150,55808,761,47,0,0
140391500195520,66.60473499869113,153,55816,761,361,0,0
140391500195520,56.51261099956173,155,55820,761,584,0,0
140391500195520,49.64459700022417,150,55828,761,47,0,0
140391500195520,89.8888049996458,155,55834,761,584,0,0
140391500195520,138.06650799961062,150,55840,761,47,0,0
140391500195520,266.8362470012653,171,33156,761,2274,0,0
140391500195520,90.35856700029399,171,33166,761,2274,0,0
140392607508160,154.82588700069755,155,33180,761,584,0,0
140391500195520,265.526413999396,150,33194,761,47,0,0
140392607508160,280.67359200031206,171,33182,761,2274,0,0
140392607508160,146.78217900109303,155,33198,761,584,0,0
140391500195520,44.492398999864236,154,33210,761,472,0,0
140392607508160,43.25928399885015,150,33222,761,47,0,0
140391500195520,103.09773399967526,158,51728,761,916,0,0
140391500195520,164.8490799998399,154,51740,761,472,0,0
140392607508160,164.44155300087004,158,51746,761,916,0,0
140391500195520,163.7111440013541,153,51750,761,361,0,0
140392607508160,187.3428690014407,171,51766,761,2274,0,0
140391500195520,79.8787750009069,158,51782,761,916,0,0
140391500195520,87.15980499982834,163,51786,761,1449,0,0
140391500195520,77.60939900072117,171,44032,761,2274,0,0
140392607508160,172.05182799989416,154,44036,761,472,0,0
140392607508160,44.99792400019942,155,44048,761,584,0,0
140391542159040,205.25054300014745,150,57148,761,47,0,0
140391542159040,58.871584998996696,153,57156,761,361,0,0
140391542159040,86.78990400039766,153,57170,761,361,0,0
140391542159040,287.9599940006301,171,60156,761,2274,0,0
140391542159040,73.37874299992109,155,60174,761,584,0,0
140392598062784,44.91313499966054,158,60184,761,916,0,0
140391542159040,37.56475200134446,150,60192,761,47,0,0
140391542159040,48.36301300019841,153,60196,761,361,0,0
140391542159040,86.64058099930116,155,60208,761,584,0,0
140392598062784,39.148982001279364,158,60214,761,916,0,0
140391542159040,151.15302599951974,154,60218,761,472,0,0
140391542159040,166.0040549995756,171,43950,761,2274,0,0
140391542159040,158.5653949987318,163,43952,761,1449,0,0
140391542159040,38.74979300053383,154,43962,761,472,0,0
140391542159040,176.6473389998282,155,38120,761,584,0,0
140392598062784,235.58791700088477,171,38132,761,2274,0,0
140391542159040,362.6172050007881,171,38138,761,2274,0,0
140392607508160,213.95776299868885,154,47326,761,472,0,0
140391500195520,202.26260599883972,163,47330,761,1449,0,0
140392607508160,131.95274700046866,153,47342,761,361,0,0
140392607508160,71.75479199941037,153,47350,761,361,0,0
140391500195520,263.2818509991921,171,47358,761,2274,0,0
140391500195520,92.88861400091264,153,47364,761,361,0,0
140392607508160,51.72954000045138,153,47366,761,361,0,0
140391500195520,132.97244500063243,150,47124,761,47,0,0
140391500195520,111.46228700090433,154,47132,761,472,0,0
140391500195520,100.54105800008983,150,47134,761,47,0,0
140391500195520,219.1319850007858,158,47138,761,916,0,0
140392607508160,151.2137410009018,171,47148,761,2274,0,0
140392607508160,218.72879699913028,171,39344,761,2274,0,0
140392607508160,74.77257599930454,163,39358,761,1449,0,0
140392607508160,34.56496600119863,150,39368,761,47,0,0
140391500195520,202.40119000118284,171,39374,761,2274,0,0
140391500195520,125.25231600011466,150,38204,761,47,0,0
140391500195520,205.6777969992254,171,38206,761,2274,0,0
140392607508160,106.66237800069212,153,38212,761,361,0,0
140391500195520,128.76214099924255,155,34460,761,584,0,0
140391500195520,133.13812500018685,171,34474,761,2274,0,0
140391500195520,162.886972000706,171,34476,761,2274,0,0
140392607508160,84.29783199972007,153,34488,761,361,0,0
140391500195520,100.53560199958156,155,34494,761,584,0,0
140392607508160,196.50818099944445,155,43252,761,584,0,0
140391500195520,144.36430000023392,155,43256,761,584,0,0
140391500195520,41.742053001144086,154,43270,761,472,0,0
140391500195520,99.45898499972827,163,43286,761,1449,0,0
140391500195520,207.5092830000358,153,43302,761,361,0,0
140392607508160,93.83798999988358,150,43312,761,47,0,0
140392607508160,177.79383699962636,153,43316,761,361,0,0
140392607508160,106.7055449984764,163,43328,761,1449,0,0
140392607508160,151.7869729996164,153,44474,761,361,0,0
140391500195520,128.2066659987322,154,44478,761,472,0,0
140392062244544,236.13322700111894,153,44484,761,361,0,0
140391500195520,495.63010199926794,171,44492,761,2274,0,0
140391500195520,194.6428189985454,158,44498,761,916,0,0
140391542159040,45.063242001560866,163,49532,761,1449,0,0
140391542159040,42.433841999809374,155,39532,761,584,0,0
140391542159040,160.89338699930522,163,39536,761,1449,0,0
140391542159040,59.17943300119077,150,39540,761,47,0,0
140391542159040,53.91018899899791,158,39556,761,916,0,0
140391542159040,60.62519500119379,158,49252,761,916,0,0
140391542159040,166.1692409998068,171,49254,761,2274,0,0
140391542159040,90.47090300009586,163,49268,761,1449,0,0
140391542159040,146.1584059998131,153,56576,761,361,0,0
140391542159040,66.74917499913136,150,56590,761,47,0,0
140392598062784,114.85268399883353,155,56596,761,584,0,0
140391542159040,294.8773789994448,155,36004,761,584,0,0
140391525373632,194.29402999958256,150,36016,761,47,0,0
140391542159040,62.57761399865558,163,36028,761,1449,0,0
140391491802816,390.9989600015251,153,36042,761,361,0,0
140392062244544,166.57667199979187,163,36050,761,1449,0,0
140392607508160,376.73128499955055,153,36060,761,361,0,0
140392607508160,75.31317000029958,155,36076,761,584,0,0
140391500195520,75.08085300105449,163,40262,761,1449,0,0
140391500195520,45.71849599960842,155,40276,761,584,0,0
140391500195520,57.01998500080663,154,40290,761,472,0,0
140392607508160,67.89375399966957,154,35342,761,472,0,0
140391500195520,147.98416700068628,154,40734,761,472,0,0
140391500195520,192.07770100001653,163,60212,761,1449,0,0
140392607508160,194.4627369994123,155,60222,761,584,0,0
140391500195520,65.23151799956395,155,60224,761,584,0,0
140391500195520,242.43967899928975,171,60238,761,2274,0,0
140391500195520,143.33648300089408,150,60250,761,47,0,0
140391500195520,98.23147799943399,158,35268,761,916,0,0
140391500195520,136.92333600010897,155,35284,761,584,0,0
140391500195520,178.85629200100084,163,35296,761,1449,0,0
140391500195520,177.92405000000144,163,35298,761,1449,0,0
140392607508160,188.2925329991849,158,41416,761,916,0,0
140391500195520,46.934814999985974,153,51096,761,361,0,0
140391500195520,100.23781400013831,155,51104,761,584,0,0
140391500195520,147.45313999992504,150,51760,761,47,0,0
140391500195520,55.86632499944244,154,55034,761,472,0,0
140391500195520,33.770568001273205,150,55038,761,47,0,0
140392062244544,101.18580599919369,154,55050,761,472,0,0
140391500195520,61.103005000404664,153,46398,761,361,0,0
140392062244544,123.19687600029283,150,46404,761,47,0,0
140392607508160,173.83684200103744,155,46410,761,584,0,0
140392607508160,81.51935200112348,153,46424,761,361,0,0
140392607508160,218.91783099999884,171,46434,761,2274,0,0
140392607508160,61.08536700048717,154,46450,761,472,0,0
140392607508160,83.13837199966656,150,47356,761,47,0,0
140392607508160,148.50128900070558,158,47364,761,916,0,0
140391500195520,157.47821200056933,158,47376,761,916,0,0
140391500195520,80.88265399965167,150,52980,761,47,0,0
140391500195520,64.73899199954758,153,52990,761,361,0,0
140391500195520,57.64680500033137,150,53002,761,47,0,0
140392062244544,170.54351499973563,153,53012,761,361,0,0
140392062244544,155.81952600041404,150,44060,761,47,0,0
140391500195520,218.1376080006885,163,44070,761,1449,0,0
140391500195520,73.53486099964357,150,44082,761,47,0,0
140391500195520,52.02761100008502,150,35580,761,47,0,0
140391500195520,59.62259499938227,163,35582,761,1449,0,0
140391500195520,107.82926100000623,153,35594,761,361,0,0
140391500195520,207.6486139994813,150,35830,761,47,0,0
140391500195520,88.81441899939091,153,35836,761,361,0,0
140391500195520,131.96371000049112,163,35846,761,1449,0,0
140391500195520,35.03372300110641,150,42508,761,47,0,0
140391500195520,55.24417300148343,150,42522,761,47,0,0
140391500195520,160.95724600018002,171,42524,761,2274,0,0
140391500195520,388.98607099872606,171,42540,761,2274,0,0
140392062244544,118.99563999941165,163,42548,761,1449,0,0
140392062244544,206.4580259993818,171,42552,761,2274,0,0
140392062244544,177.28569499922742,153,42556,761,361,0,0
140391500195520,325.69307399899117,158,42562,761,916,0,0
140391500195520,34.03221899861819,153,42568,761,361,0,0
140392062244544,136.42982399869652,171,42572,761,2274,0,0
140392607508160,282.1632489994954,154,42578,761,472,0,0
140391500195520,102.06333199857909,153,49376,761,361,0,0
140391500195520,161.63716200026101,150,49380,761,47,0,0
140392607508160,127.2540409991052,153,49388,761,361,0,0
140392607508160,33.52795399950992,153,49400,761,361,0,0
140392607508160,163.41106099935132,150,49416,761,47,0,0
140392607508160,125.8408009998675,171,49430,761,2274,0,0
140392607508160,254.4186359991727,171,49442,761,2274,0,0
140392607508160,161.6569880006864,171,48332,761,2274,0,0
140391500195520,245.78192499939178,171,48348,761,2274,0,0
140391500195520,329.7827380010858,158,48350,761,916,0,0
140391500195520,161.4982549999695,150,48360,761,47,0,0
140391500195520,93.68118299971684,163,48366,761,1449,0,0
140392607508160,110.50759899990226,171,55230,761,2274,0,0
140392607508160,45.66622600032133,163,55244,761,1449,0,0
140392062244544,37.24405300090439,150,55258,761,47,0,0
140392062244544,292.2680980009318,158,55268,761,916,0,0
140392062244544,125.06835800013505,171,55278,761,2274,0,0
140392062244544,80.4990889992041,154,55290,761,472,0,0
140392062244544,331.21804800066457,171,55294,761,2274,0,0
140392607508160,90.74691500063636,158,38802,761,916,0,0
140392607508160,50.2587749997474,153,38814,761,361,0,0
140392607508160,144.83975599978294,154,38828,761,472,0,0
140392607508160,191.74514999940584,163,38834,761,1449,0,0
140392607508160,117.81182099912257,158,38842,761,916,0,0
140392607508160,32.68919800029835,154,59486,761,472,0,0
140392607508160,27.52240699919639,153,59502,761,361,0,0
140392607508160,57.82118800016178,150,59516,761,47,0,0
140392607508160,52.38048399951367,153,59532,761,361,0,0
140392607508160,78.60205800170661,155,59536,761,584,0,0
140392062244544,61.617211998964194,150,58836,761,47,0,0
140392607508160,92.34932999970624,171,58848,761,2274,0,0
140392607508160,51.442740001220955,155,58850,761,584,0,0
140392607508160,72.92072699965502,163,58862,761,1449,0,0
140392607508160,104.34586399969703,153,58866,761,361,0,0
140391500195520,65.94746700102405,150,44510,761,47,0,0
140391500195520,225.34276800070074,163,46362,761,1449,0,0
140391500195520,87.5304139990476,155,46368,761,584,0,0
140391500195520,194.37978200039652,154,46378,761,472,0,0
140392062244544,132.64421299936657,171,46392,761,2274,0,0
140392062244544,44.950700999834226,155,46400,761,584,0,0
140391500195520,113.01068200009468,171,46276,761,2274,0,0
140391500195520,47.64713800068421,150,46284,761,47,0,0
140391500195520,104.86388499884924,154,46290,761,472,0,0
140391500195520,90.09104799952183,171,46294,761,2274,0,0
140391500195520,190.61263799994776,163,50092,761,1449,0,0
140391500195520,106.31761200056644,163,50104,761,1449,0,0
140391500195520,237.3522799989587,154,50108,761,472,0,0
140391500195520,70.9579060003307,154,50124,761,472,0,0
140391500195520,71.27462999960699,163,50138,761,1449,0,0
140391500195520,104.78925700044783,171,50146,761,2274,0,0
140391500195520,163.33537100035755,171,50160,761,2274,0,0
140392607508160,257.06003200139094,150,50176,761,47,0,0
140392607508160,101.5997039994545,155,59142,761,584,0,0
140392607508160,75.28880900099466,163,59144,761,1449,0,0
140392607508160,176.9626290006272,153,59158,761,361,0,0
140392607508160,191.570375000083,163,59166,761,1449,0,0
140391500195520,206.3083259999985,158,59178,761,916,0,0
140391500195520,72.42136199965898,154,59182,761,472,0,0
140391500195520,78.18126000165648,153,48860,761,361,0,0
140392062244544,69.49530800011416,153,48874,761,361,0,0
140392062244544,109.83075799958897,163,48886,761,1449,0,0
140392062244544,208.16164499956358,153,41414,761,361,0,0
140392062244544,206.80719899974065,158,41430,761,916,0,0
140392062244544,55.29611999918416,158,41446,761,916,0,0
140392607508160,167.89917799906107,154,41448,761,472,0,0
140392607508160,94.34524700009206,163,41456,761,1449,0,0
140392607508160,234.8811489991931,171,41466,761,2274,0,0
140392607508160,78.34428800015303,154,41476,761,472,0,0
140392607508160,203.15451999886136,171,53266,761,2274,0,0
140392607508160,115.37349200079916,153,53276,761,361,0,0
140392607508160,60.90764200052945,150,53282,761,47,0,0
140392607508160,80.80535699991742,150,53288,761,47,0,0
140392607508160,43.5783459997765,154,53300,761,472,0,0
140392607508160,33.80096399996546,150,48364,761,47,0,0
140392062244544,206.09115100160125,150,48376,761,47,0,0
140392062244544,90.309505998448,150,48386,761,47,0,0
140392607508160,240.81983099858917,171,56936,761,2274,0,0
140392062244544,353.5023199983698,171,56950,761,2274,0,0
140392062244544,223.76062799958163,171,56956,761,2274,0,0
140392062244544,219.7142700006225,171,56962,761,2274,0,0
140392062244544,734.8007519995008,171,56964,761,2274,0,0
140392607508160,400.9627979994548,163,56976,761,1449,0,0
140391500195520,360.79065699959756,171,56980,761,2274,0,0
140392062244544,39.52283899889153,150,34376,761,47,0,0
140392062244544,243.46527000125207,155,34382,761,584,0,0
140392062244544,275.91464999932214,171,34394,761,2274,0,0
140392062244544,279.2112499992072,171,34400,761,2274,0,0
140391542159040,152.1796050001285,150,43862,761,47,0,0
140391542159040,287.3217280011886,163,37638,761,1449,0,0
140391542159040,118.03953100024955,150,37654,761,47,0,0
140392598062784,139.3297030008398,158,37662,761,916,0,0
140391542159040,166.8054129986558,158,50596,761,916,0,0
140391542159040,72.28288700025587,163,56230,761,1449,0,0
140391542159040,143.4760180000012,171,56246,761,2274,0,0
140391542159040,65.32132900065335,153,34370,761,361,0,0
140391542159040,45.30408800019359,155,34376,761,584,0,0
140391542159040,166.58065800038457,163,34378,761,1449,0,0
140391542159040,77.80020300015167,153,34382,761,361,0,0
140391542159040,151.17967300102464,171,59722,761,2274,0,0
140392598062784,227.5012259997311,171,53968,761,2274,0,0
140392598062784,88.47804399920278,163,53520,761,1449,0,0
140392598062784,131.3698209996801,150,53530,761,47,0,0
140392598062784,44.49341899999126,154,51776,761,472,0,0
140392598062784,97.47261300071841,163,38304,761,1449,0,0
140392598062784,75.25254800020775,154,38306,761,472,0,0
140392598062784,84.92198500061932,158,38316,761,916,0,0
140391542159040,34.47679800046899,150,43576,761,47,0,0
140391542159040,167.09529800027667,158,43586,761,916,0,0
140391542159040,46.47709299933922,153,46516,761,361,0,0
140391542159040,94.44469200025196,163,46522,761,1449,0,0
140391542159040,2068.258715000411,158,57472,761,916,0,0
140391542159040,184.52500099920144,155,57488,761,584,0,0
140391500195520,55.520031000924064,153,41742,761,361,0,0
140391500195520,194.79793599930417,154,41746,761,472,0,0
140391500195520,27.562272000068333,158,41754,761,916,0,0
140392607508160,82.4876660008158,154,42836,761,472,0,0
140391500195520,120.66503499954706,171,42838,761,2274,0,0
140391500195520,143.21688800009724,171,42852,761,2274,0,0
140392607508160,74.71461000022828,155,41788,761,584,0,0
140392607508160,118.64892799894733,150,40740,761,47,0,0
140391500195520,122.91433800055529,158,40748,761,916,0,0
140392062244544,133.09772100001283,163,39240,761,1449,0,0
140391500195520,87.09714399992663,154,59858,761,472,0,0
140391500195520,81.59813600104826,153,59866,761,361,0,0
140392062244544,427.1385800002463,171,54266,761,2274,0,0
140392062244544,343.5134370010928,163,54736,761,1449,0,0
140391500195520,118.8352360004501,171,54746,761,2274,0,0
140391500195520,64.00515200039081,155,54758,761,584,0,0
140392607508160,104.0797810001095,158,41538,761,916,0,0
140392607508160,50.57049300012295,153,54498,761,361,0,0
140392607508160,114.18662600044627,163,54500,761,1449,0,0
140391500195520,167.3537580008997,155,33092,761,584,0,0
140392062244544,117.15213500065147,154,33108,761,472,0,0
140392607508160,154.2260599999281,150,42108,761,47,0,0
140392607508160,115.96991200167395,155,32834,761,584,0,0
140392062244544,142.82856099998753,163,32838,761,1449,0,0
140391500195520,49.42377799852693,163,33300,761,1449,0,0
140392062244544,55.16094499944302,150,59372,761,47,0,0
140392607508160,102.91465299997071,155,58878,761,584,0,0
140392062244544,186.54618000073242,158,58880,761,916,0,0
140392607508160,420.62493999947037,154,58890,761,472,0,0
140392607508160,711.646579000444,158,58898,761,916,0,0
140391500195520,170.77839800003858,150,47090,761,47,0,0
140391500195520,45.74946699904103,150,47100,761,47,0,0
140391500195520,148.24826800031587,153,47106,761,361,0,0
140392062244544,86.89838600002986,150,47114,761,47,0,0
140392062244544,50.0595390003582,153,47116,761,361,0,0
140392062244544,127.42202300069039,158,47128,761,916,0,0
140392062244544,59.457385001223884,158,47140,761,916,0,0
140392062244544,186.58262999997532,155,50676,761,584,0,0
140392607508160,114.31439499938278,163,50692,761,1449,0,0
140391542159040,118.34271599946078,158,50704,761,916,0,0
140391542159040,312.31025100169063,155,50708,761,584,0,0
140392062244544,83.79130800130952,158,50712,761,916,0,0
140392062244544,268.96376900003816,171,41510,761,2274,0,0
140391542159040,168.89861699928588,150,41528,761,47,0,0
140392062244544,187.09819700052321,171,41520,761,2274,0,0
140392062244544,297.78135400010797,171,41542,761,2274,0,0
140392062244544,251.33496899979946,158,41556,761,916,0,0
140392062244544,193.9849049995246,163,33688,761,1449,0,0
140392062244544,188.0654280012095,171,33700,761,2274,0,0
140391542159040,44.78485700019519,154,33702,761,472,0,0
140392062244544,44.19999200035818,150,33718,761,47,0,0
140392062244544,63.54117800037784,163,33732,761,1449,0,0
140392062244544,176.47608700099227,154,33738,761,472,0,0
140391542159040,45.81568100002187,150,33752,761,47,0,0
140391542159040,152.90468800048984,155,33768,761,584,0,0
140391542159040,134.70843600043736,171,33770,761,2274,0,0
140392062244544,69.22982899959607,158,42232,761,916,0,0
140391542159040,153.18243200090365,163,42244,761,1449,0,0
140391542159040,130.2063970015297,155,42258,761,584,0,0
140391542159040,270.7936429997062,155,42260,761,584,0,0
140392607508160,22.927816999072093,150,42270,761,47,0,0
140391542159040,72.5229669988039,158,42284,761,916,0,0
140391542159040,220.3957490000903,154,45436,761,472,0,0
140392607508160,33.71863099891925,150,45440,761,47,0,0
140392607508160,92.77311799996824,163,45454,761,1449,0,0
140392607508160,161.3771579995955,153,45456,761,361,0,0
140392607508160,44.653711000137264,150,45464,761,47,0,0
140391542159040,109.07324700019672,158,45478,761,916,0,0
140392062244544,198.71172400053183,171,38314,761,2274,0,0
140391542159040,337.18435400078306,158,38318,761,916,0,0
140392607508160,362.2227790001489,171,38330,761,2274,0,0
140391542159040,86.96530900124344,154,38336,761,472,0,0
140392607508160,368.4236690005491,154,38344,761,472,0,0
140392607508160,100.58653100168158,154,38354,761,472,0,0
140392607508160,144.83540699984587,155,38356,761,584,0,0
140392607508160,397.1559639994666,158,38358,761,916,0,0
140391542159040,168.23108000062348,158,38364,761,916,0,0
140392062244544,56.627482001204044,154,34412,761,472,0,0
140392062244544,305.72876099904533,171,34424,761,2274,0,0
140391500195520,302.02327400002105,158,41942,761,916,0,0
140392062244544,197.88151900138473,163,41952,761,1449,0,0
140391542159040,65.64248399990902,171,41958,761,2274,0,0
140391542159040,77.98711299983552,155,41964,761,584,0,0
140391542159040,142.60174499941058,163,41968,761,1449,0,0
140391542159040,109.60328299916,155,41978,761,584,0,0
140392607508160,44.089733999499,158,41994,761,916,0,0
140392062244544,290.0041909997526,171,42006,761,2274,0,0
140392062244544,166.14399099853472,155,39258,761,584,0,0
140392062244544,100.78851400066924,155,39268,761,584,0,0
140391542159040,66.76855399928172,163,39282,761,1449,0,0
140392062244544,51.07585199948517,155,52290,761,584,0,0
140392062244544,46.88836999957857,153,52296,761,361,0,0
140391542159040,230.72116300136258,163,52302,761,1449,0,0
140391542159040,173.0416709997371,153,52304,761,361,0,0
140391542159040,82.31336100107,150,52310,761,47,0,0
140392062244544,106.13595500035444,154,52322,761,472,0,0
140392062244544,129.97868999991624,163,52324,761,1449,0,0
140391542159040,180.05330699998012,155,52328,761,584,0,0
140392607508160,113.85636900013196,155,52342,761,584,0,0
140391542159040,70.59459399897605,158,52344,761,916,0,0
140392607508160,206.77793499999098,163,49518,761,1449,0,0
140392607508160,27.096998999695643,150,49528,761,47,0,0
140391542159040,202.2039629991923,171,49538,761,2274,0,0
140391542159040,71.3640989997657,153,49550,761,361,0,0
140391542159040,116.40655799965316,154,49554,761,472,0,0
140392607508160,28.026298999975552,153,49558,761,361,0,0
140392607508160,127.54857300024014,171,39966,761,2274,0,0
140392607508160,56.931824999992386,153,39968,761,361,0,0
140392062244544,315.041547999499,171,39978,761,2274,0,0
140392607508160,125.2724149999267,163,47832,761,1449,0,0
140392607508160,62.82354099857912,155,47842,761,584,0,0
140392607508160,35.18573100154754,150,47846,761,47,0,0
140392062244544,72.93904600010137,150,47854,761,47,0,0
140391542159040,65.49643200014543,163,47870,761,1449,0,0
140391542159040,48.81122500046331,150,47880,761,47,0,0
140391542159040,41.181860000506276,154,47894,761,472,0,0
140392062244544,99.88964100011799,155,47898,761,584,0,0
140391542159040,71.50245499906305,153,39204,761,361,0,0
140391542159040,288.4813820001,171,39208,761,2274,0,0
140391542159040,176.05503600134398,155,39212,761,584,0,0
140392062244544,148.8601720011502,171,39228,761,2274,0,0
140392062244544,235.643952000828,158,39236,761,916,0,0
140392062244544,254.12913000036497,163,39240,761,1449,0,0
140392062244544,312.8785749995586,158,44464,761,916,0,0
140392062244544,84.08682400113321,155,44468,761,584,0,0
140392062244544,54.38179800148646,153,44470,761,361,0,0
140392062244544,380.5083110000851,171,44472,761,2274,0,0
140391542159040,566.4314639998338,154,44486,761,472,0,0
140391542159040,114.44372700134409,154,44500,761,472,0,0
140391542159040,241.8728419997933,171,44512,761,2274,0,0
140391542159040,105.55817700151238,155,53024,761,584,0,0
