0.5005323886871338,0.0,1660.0,0.0,0.5,0.0,2,0
0.5005019903183126,0.0,18299.5,0.0,0.5,0.0,2,0
0.5012404918670654,0.0,4348.0,0.0,0.5,0.0,2,0
0.5011990070343018,0.0,9211.5,0.0,0.5,0.0,2,0
0.5012954473495626,0.0,24708.5,0.0,0.5,0.0,2,0
0.501418471336379,0.0,5243.5,0.0,0.5,0.0,2,0
0.5016000270843506,0.0,11525.0,0.0,0.5,0.0,2,0
0.50087153911592,0.0,12796.0,0.0,0.5,0.0,2,0
0.5011870861053467,0.0,13819.0,0.0,0.5,0.0,2,0
0.5008305311203145,0.0,507.5,0.0,0.5,0.0,2,0
0.5014514923095703,0.0,6907.5,0.0,0.5,0.0,2,0
0.5008524656295918,0.0,2179.0,0.0,0.5,0.0,2,0
0.5006605386734151,0.0,2820.5,0.0,0.5,0.0,2,0
0.50068843364717,0.0,12803.0,0.0,0.5,0.0,2,0
0.5009855031967305,0.0,3579.0,0.0,0.5,0.0,2,0
0.5002335309982442,0.0,5884.5,0.0,0.5,0.0,2,0
0.5012035369873047,0.0,14715.5,0.0,0.5,0.0,2,0
0.5006809234619141,0.0,3581.0,0.0,0.5,0.0,2,0
0.5008089542388916,0.0,25091.5,0.0,0.5,0.0,2,0
0.5008754730224609,0.0,3844.5,0.0,0.5,0.0,2,0
0.5010484457016133,0.0,8964.5,0.0,0.5,0.0,2,0
0.501566529274001,0.0,892.0,0.0,0.5,0.0,2,0
0.5013045072555684,0.0,4868.0,0.0,0.5,0.0,2,0
0.501230001449585,0.0,5755.0,0.0,0.5,0.0,2,0
0.5011260509490967,0.0,1916.0,0.0,0.5,0.0,2,0
0.5010365247726583,0.0,17668.5,0.0,0.5,0.0,2,0
0.5006985664367676,0.0,6275.0,0.0,0.5,0.0,2,0
0.5010765790939473,0.0,8708.5,0.0,0.5,0.0,2,0
0.5010443925857686,0.0,7163.5,0.0,0.5,0.0,2,0
0.5005949735641622,0.0,23676.0,0.0,0.5,0.0,2,0
0.501333475112915,0.0,16004.5,0.0,0.5,0.0,2,0
0.5004730224609375,0.0,892.0,0.0,0.5,0.0,2,0
0.5009524822235107,0.0,17155.5,0.0,0.5,0.0,2,0
0.5007915496826172,0.0,1275.5,0.0,0.5,0.0,2,0
0.5010249614715576,0.0,4731.5,0.0,0.5,0.0,2,0
0.5004184246063232,0.0,25603.0,0.0,0.5,0.0,2,0
0.5004739761352539,0.0,10627.0,0.0,0.5,0.0,2,0
0.5004163980484151,0.0,23292.0,0.0,0.5,0.0,2,0
0.501178503036499,0.0,6276.5,0.0,0.5,0.0,2,0
0.5007854700088643,0.0,13691.5,0.0,0.5,0.0,2,0
0.5013519525528096,0.0,17668.5,0.0,0.5,0.0,2,0
0.5009809732437276,0.0,7932.0,0.0,0.5,0.0,2,0
0.5005240440368652,0.0,10363.0,0.0,0.5,0.0,2,0
0.5006185770034932,0.0,8707.5,0.0,0.5,0.0,2,0
0.5001499652862549,0.0,10241.5,0.0,0.5,0.0,2,0
0.5005295276641846,0.0,1149.5,0.0,0.5,0.0,2,0
0.5012195110321045,0.0,3460.5,0.0,0.5,0.0,2,0
0.500702500343337,0.0,12803.0,0.0,0.5,0.0,2,0
0.5006294250488281,0.0,13692.0,0.0,0.5,0.0,2,0
0.5010340213775635,0.0,12676.5,0.0,0.5,0.0,2,0
0.5016469955444336,0.0,20740.0,0.0,0.5,0.0,2,0
0.5008344650268555,0.0,22908.0,0.0,0.5,0.0,2,0
0.5005584955215596,0.0,13691.5,0.0,0.5,0.0,2,0
0.5011835098266602,0.0,8964.0,0.0,0.5,0.0,2,0
0.4997849464416504,0.0,2558.5,0.0,0.5,0.0,2,0
0.5013049840927266,0.0,14715.5,0.0,0.5,0.0,2,0
0.5008940696716309,0.0,7812.0,0.0,0.5,0.0,2,0
0.5011224746704102,0.0,1284.5,0.0,0.5,0.0,2,0
0.5012354850769043,0.0,29572.0,0.0,0.5,0.0,2,0
0.5011140108108663,0.0,6268.0,0.0,0.5,0.0,2,0
0.5006679296493672,0.0,23419.0,0.0,0.5,0.0,2,0
0.5005069971084737,0.0,11267.0,0.0,0.5,0.0,2,0
0.5342337264846434,2.0,17059.566984173427,318.5,62.00201609625287,0.0,4,0
0.534868200415035,2.0,3907.926336306763,318.5,62.00201609625287,0.0,4,0
0.5338887939377827,2.0,18081.142234383315,318.5,62.00201609625287,0.0,4,0
0.5345277730797013,2.0,5575.1402841094505,318.5,62.00201609625287,0.0,4,0
0.5344171367282343,2.0,16152.432394224716,318.5,62.00201609625287,0.0,4,0
0.5333304091211997,2.0,19265.511691880907,318.5,62.00201609625287,0.0,4,0
0.533721037659688,2.0,9205.075352760563,318.5,62.00201609625287,0.0,4,0
0.5336195046740195,2.0,12854.498519487253,318.5,62.00201609625287,0.0,4,0
0.5336625063164208,2.0,17310.122477541863,318.5,62.00201609625287,0.0,4,0
0.5345567113715005,2.0,10263.720484673187,318.5,62.00201609625287,0.0,4,0
0.5336021221548292,2.0,10074.890852386441,318.5,62.00201609625287,0.0,4,0
0.5337699178746381,2.0,15392.11498422163,318.5,62.00201609625287,0.0,4,0
0.5334290663218473,2.0,22090.437682400046,318.5,62.00201609625287,0.0,4,0
0.5333859785102195,2.0,16473.24359947063,318.5,62.00201609625287,0.0,4,0
0.533380773469041,2.0,18854.52480175515,318.5,62.00201609625287,0.0,4,0
0.5332075370588252,2.0,12583.568512151074,318.5,62.00201609625287,0.0,4,0
0.5333993296314966,2.0,10304.04490964592,318.5,62.00201609625287,0.0,4,0
0.5335207719167129,2.0,8018.265226967738,318.5,62.00201609625287,0.0,4,0
0.5335362408390573,2.0,21329.143599486128,318.5,62.00201609625287,0.0,4,0
0.533600017026136,2.0,13340.306225402024,318.5,62.00201609625287,0.0,4,0
0.5333906409112035,2.0,23477.329249458933,318.5,62.00201609625287,0.0,4,0
0.5337451883726984,2.0,14931.920506083603,318.5,62.00201609625287,0.0,4,0
0.5342350562475732,2.0,17086.891130337313,318.5,62.00201609625287,0.0,4,0
0.533919960434719,2.0,13823.933349448702,318.5,62.00201609625287,0.0,4,0
0.5334444018454038,2.0,12517.466926259482,318.5,62.00201609625287,0.0,4,0
0.5338121850621489,2.0,11709.437272986264,318.5,62.00201609625287,0.0,4,0
0.5344711062816564,2.0,10017.224699860735,318.5,62.00201609625287,0.0,4,0
0.5339442145268759,2.0,19639.828211761425,318.5,62.00201609625287,0.0,4,0
0.5340000399270187,2.0,20190.63483864487,318.5,62.00201609625287,0.0,4,0
0.5342738401377419,2.0,18440.138358686465,318.5,62.00201609625287,0.0,4,0
0.5342010074993545,2.0,5846.740395297195,318.5,62.00201609625287,0.0,4,0
0.5336572010079788,2.0,19530.053065724118,318.5,62.00201609625287,0.0,4,0
0.5341642488056145,2.0,24926.707935465525,318.5,62.00201609625287,0.0,4,0
0.534143695499422,2.0,21747.142034931854,318.5,62.00201609625287,0.0,4,0
0.5339357003690588,2.0,16043.43288350408,318.5,62.00201609625287,0.0,4,0
0.53377470924191,2.0,10365.44117187011,318.5,62.00201609625287,0.0,4,0
0.5343450094455072,2.0,8763.939193507678,318.5,62.00201609625287,0.0,4,0
0.53419520965446,2.0,25490.435043119607,318.5,62.00201609625287,0.0,4,0
0.5342863361518377,2.0,9633.113369388944,318.5,62.00201609625287,0.0,4,0
0.5340430540199895,2.0,10846.900741110338,318.5,62.00201609625287,0.0,4,0
0.5348421662579892,2.0,16183.898950809104,318.5,62.00201609625287,0.0,4,0
0.5339994730023552,2.0,9707.902100222273,318.5,62.00201609625287,0.0,4,0
0.5339223432287609,2.0,19036.36868437623,318.5,62.00201609625287,0.0,4,0
0.5340657724109205,2.0,22938.245906128046,318.5,62.00201609625287,0.0,4,0
0.5339828927255617,2.0,1531.6397259146813,318.5,62.00201609625287,0.0,4,0
0.5343095091531582,2.0,13115.777166737014,318.5,62.00201609625287,0.0,4,0
0.5339770895274825,2.0,23718.308912894696,318.5,62.00201609625287,0.0,4,0
0.5335794306857906,2.0,11978.444815062596,318.5,62.00201609625287,0.0,4,0
0.5337644051005649,2.0,16751.834421937197,318.5,62.00201609625287,0.0,4,0
0.5337365823945338,2.0,10083.20012136524,318.5,62.00201609625287,0.0,4,0
0.5335008698628738,2.0,17513.30418567553,318.5,62.00201609625287,0.0,4,0
0.5332005740685043,2.0,9242.601825243799,318.5,62.00201609625287,0.0,4,0
0.5330810980196029,2.0,17179.55224059987,318.5,62.00201609625287,0.0,4,0
0.5332437324191793,2.0,17901.001415772807,318.5,62.00201609625287,0.0,4,0
0.533617041043343,2.0,12431.63787479349,318.5,62.00201609625287,0.0,4,0
0.5332988724975988,2.0,14749.302830981538,318.5,62.00201609625287,0.0,4,0
0.5330697239078195,2.0,12218.972021000785,318.5,62.00201609625287,0.0,4,0
0.5329123123820863,2.0,8578.96781378739,318.5,62.00201609625287,0.0,4,0
0.532688750788098,2.0,10367.812483233867,318.5,62.00201609625287,0.0,4,0
0.49665639647639365,2.1540659228538015,11604.189133239772,12912.542823162292,91.03977152871155,0.0,5,0
0.5278717934229226,2.160246899469287,24273.088097841108,15216.096221509059,99.21259440660187,0.0,6,0
0.5275850578576815,2.160246899469287,11896.843929052035,15216.096221509059,99.21259440660187,0.0,6,0
0.527342762120733,2.160246899469287,24935.124780228307,15216.096221509059,99.21259440660187,0.0,6,0
0.5271330650435953,2.160246899469287,19218.599165623098,15216.096221509059,99.21259440660187,0.0,6,0
0.5275231595898422,2.160246899469287,18916.376367816563,15216.096221509059,99.21259440660187,0.0,6,0
0.5272826035081617,2.160246899469287,22957.607330323717,15216.096221509059,99.21259440660187,0.0,6,0
0.5276547287066842,2.160246899469287,18637.557627901067,15216.096221509059,99.21259440660187,0.0,6,0
0.527770358033699,2.160246899469287,20784.515379376917,15216.096221509059,99.21259440660187,0.0,6,0
0.5271595357941892,2.160246899469287,12000.706516238488,15216.096221509059,99.21259440660187,0.0,6,0
0.5277211939110249,2.160246899469287,16390.809626806793,15216.096221509059,99.21259440660187,0.0,6,0
0.5276222898466287,2.160246899469287,16057.447555573706,15216.096221509059,99.21259440660187,0.0,6,0
0.5277205861252493,2.160246899469287,21741.44710761759,15216.096221509059,99.21259440660187,0.0,6,0
0.5277259152805294,2.160246899469287,19288.3863453,15216.096221509059,99.21259440660187,0.0,6,0
0.5273591728741016,2.160246899469287,26068.14191477576,15216.096221509059,99.21259440660187,0.0,6,0
0.527631545433167,2.160246899469287,20319.477252270925,15216.096221509059,99.21259440660187,0.0,6,0
0.5275647072134099,2.160246899469287,14580.732408063579,15216.096221509059,99.21259440660187,0.0,6,0
0.5275680711087637,2.160246899469287,17550.63564613354,15216.096221509059,99.21259440660187,0.0,6,0
0.5277741853587788,2.160246899469287,17562.59980438229,15216.096221509059,99.21259440660187,0.0,6,0
0.5274121182467656,2.160246899469287,17953.349069339558,15216.096221509059,99.21259440660187,0.0,6,0
0.5275134361271601,2.160246899469287,10834.114414149819,15216.096221509059,99.21259440660187,0.0,6,0
0.527292180815741,2.160246899469287,13720.332581205488,15216.096221509059,99.21259440660187,0.0,6,0
0.5273500324025612,2.160246899469287,22616.460144598714,15216.096221509059,99.21259440660187,0.0,6,0
0.5271936593205884,2.160246899469287,19804.83502974856,15216.096221509059,99.21259440660187,0.0,6,0
0.5273909819070087,2.160246899469287,19863.555316346457,15216.096221509059,99.21259440660187,0.0,6,0
0.52776641937173,2.160246899469287,15776.137074708751,15216.096221509059,99.21259440660187,0.0,6,0
0.5280314528439787,2.160246899469287,14193.29398773316,15216.096221509059,99.21259440660187,0.0,6,0
0.5274541780872333,2.160246899469287,13926.06337950535,15216.096221509059,99.21259440660187,0.0,6,0
0.5274445197399706,2.160246899469287,19283.290509891947,15216.096221509059,99.21259440660187,0.0,6,0
0.5276660955547108,2.160246899469287,17313.06164913262,15216.096221509059,99.21259440660187,0.0,6,0
0.5274192929724628,2.160246899469287,16037.663053644139,15216.096221509059,99.21259440660187,0.0,6,0
0.5276239644926684,2.160246899469287,15311.442115838294,15216.096221509059,99.21259440660187,0.0,6,0
0.5270572102896403,2.160246899469287,23221.751682898994,15216.096221509059,99.21259440660187,0.0,6,0
0.5274043017583956,2.160246899469287,17418.811205290545,15216.096221509059,99.21259440660187,0.0,6,0
0.5272273727832331,2.160246899469287,21382.42555165859,15216.096221509059,99.21259440660187,0.0,6,0
0.5274790363036519,2.160246899469287,15078.60824332125,15216.096221509059,99.21259440660187,0.0,6,0
0.5271248360622496,2.160246899469287,13306.326302427227,15216.096221509059,99.21259440660187,0.0,6,0
0.5273418363666058,2.160246899469287,13527.084016889967,15216.096221509059,99.21259440660187,0.0,6,0
0.5275124686592327,2.160246899469287,17535.18379018468,15216.096221509059,99.21259440660187,0.0,6,0
0.5274601077407902,2.160246899469287,21403.11429052635,15216.096221509059,99.21259440660187,0.0,6,0
0.5276614136123557,2.160246899469287,21008.125899412244,15216.096221509059,99.21259440660187,0.0,6,0
0.5272309515790846,2.160246899469287,14849.14625398451,15216.096221509059,99.21259440660187,0.0,6,0
0.5271636844579964,2.160246899469287,15498.482005416601,15216.096221509059,99.21259440660187,0.0,6,0
0.5273134928536901,2.160246899469287,16712.15327654964,15216.096221509059,99.21259440660187,0.0,6,0
0.527747613085094,2.160246899469287,19972.66122102911,15216.096221509059,99.21259440660187,0.0,6,0
0.527217951709964,2.160246899469287,17381.966197438334,15216.096221509059,99.21259440660187,0.0,6,0
0.527747037866435,2.160246899469287,14638.817222257632,15216.096221509059,99.21259440660187,0.0,6,0
0.5278127347537249,2.160246899469287,11541.009363954649,15216.096221509059,99.21259440660187,0.0,6,0
0.5279412661192636,2.160246899469287,14353.357815623958,15216.096221509059,99.21259440660187,0.0,6,0
0.5276369439658866,2.160246899469287,16447.134242948086,15216.096221509059,99.21259440660187,0.0,6,0
0.5275013829811631,2.160246899469287,22816.07879995061,15216.096221509059,99.21259440660187,0.0,6,0
0.5277428052148132,2.160246899469287,14961.235387939505,15216.096221509059,99.21259440660187,0.0,6,0
0.5272628641808427,2.160246899469287,17144.922053547583,15216.096221509059,99.21259440660187,0.0,6,0
0.5271815051716917,2.160246899469287,18565.04545659815,15216.096221509059,99.21259440660187,0.0,6,0
0.5273943782357757,2.160246899469287,19152.46964638126,15216.096221509059,99.21259440660187,0.0,6,0
0.5273802884548103,2.160246899469287,7339.249113877764,15216.096221509059,99.21259440660187,0.0,6,0
0.5272287204088822,2.160246899469287,14999.02013466213,15216.096221509059,99.21259440660187,0.0,6,0
0.527521727406772,2.160246899469287,16439.13588564395,15216.096221509059,99.21259440660187,0.0,6,0
0.5276185687683143,2.160246899469287,19883.197719571053,15216.096221509059,99.21259440660187,0.0,6,0
0.5274629662354782,2.160246899469287,15210.335383291922,15216.096221509059,99.21259440660187,0.0,6,0
0.5443328667571109,3.2015621187164243,21711.769745563695,14808.932853180204,134.73098196034942,0.0,8,0
0.544626123001115,3.2015621187164243,18403.619275498502,14808.932853180204,134.73098196034942,0.0,8,0
0.5444769529748217,3.2015621187164243,20531.398938196467,14808.932853180204,134.73098196034942,0.0,8,0
0.5441847117989926,3.2015621187164243,20151.781056134343,14808.932853180204,134.73098196034942,0.0,8,0
0.5442637443667608,3.2015621187164243,20609.582649446715,14808.932853180204,134.73098196034942,0.0,8,0
0.544544925608358,3.2015621187164243,18301.743612290058,14808.932853180204,134.73098196034942,0.0,8,0
0.5443199726837029,3.2015621187164243,17619.408898640726,14808.932853180204,134.73098196034942,0.0,8,0
0.544215741071801,3.2015621187164243,14086.62791444425,14808.932853180204,134.73098196034942,0.0,8,0
0.5442603624583707,3.2015621187164243,15110.885503090149,14808.932853180204,134.73098196034942,0.0,8,0
0.5440785529793046,3.2015621187164243,20181.081502470948,14808.932853180204,134.73098196034942,0.0,8,0
0.543735785114057,3.2015621187164243,18550.0680654917,14808.932853180204,134.73098196034942,0.0,8,0
0.5439052524466891,3.2015621187164243,13063.24586387319,14808.932853180204,134.73098196034942,0.0,8,0
0.5437651087148737,3.2015621187164243,11642.475364344775,14808.932853180204,134.73098196034942,0.0,8,0
0.5441103577394801,3.2015621187164243,15533.85678878156,14808.932853180204,134.73098196034942,0.0,8,0
0.5435880100193942,3.2015621187164243,15375.153281756251,14808.932853180204,134.73098196034942,0.0,8,0
0.5436501198857269,3.2015621187164243,15268.512130770961,14808.932853180204,134.73098196034942,0.0,8,0
0.5438672862909798,3.2015621187164243,18600.655136311732,14808.932853180204,134.73098196034942,0.0,8,0
0.543886099392513,3.2015621187164243,19462.518270704335,14808.932853180204,134.73098196034942,0.0,8,0
0.5440882345720964,3.2015621187164243,19451.72075132429,14808.932853180204,134.73098196034942,0.0,8,0
0.5434703589734035,3.2015621187164243,22661.220666799374,14808.932853180204,134.73098196034942,0.0,8,0
0.5436431606533951,3.2015621187164243,12838.687878342553,14808.932853180204,134.73098196034942,0.0,8,0
0.5436797687354347,3.2015621187164243,19917.01204333559,14808.932853180204,134.73098196034942,0.0,8,0
0.5433828279478461,3.2015621187164243,15037.973872417122,14808.932853180204,134.73098196034942,0.0,8,0
0.5438274744528524,3.2015621187164243,18410.473708938072,14808.932853180204,134.73098196034942,0.0,8,0
0.5434285158804794,3.2015621187164243,19204.489221273237,14808.932853180204,134.73098196034942,0.0,8,0
0.5432374303356834,3.2015621187164243,18490.065305032727,14808.932853180204,134.73098196034942,0.0,8,0
0.543524995342681,3.2015621187164243,23890.676533626563,14808.932853180204,134.73098196034942,0.0,8,0
0.5436794472987083,3.2015621187164243,13113.34266834738,14808.932853180204,134.73098196034942,0.0,8,0
0.5437275815163535,3.2015621187164243,17112.50467083574,14808.932853180204,134.73098196034942,0.0,8,0
0.5435469651299375,3.2015621187164243,15861.750241835703,14808.932853180204,134.73098196034942,0.0,8,0
0.5435494785367174,3.2015621187164243,20653.708020595237,14808.932853180204,134.73098196034942,0.0,8,0
0.5433515235906865,3.2015621187164243,19029.707229339474,14808.932853180204,134.73098196034942,0.0,8,0
0.5432037538576299,3.2015621187164243,16593.632702033632,14808.932853180204,134.73098196034942,0.0,8,0
0.5434392572517605,3.2015621187164243,14686.772606988065,14808.932853180204,134.73098196034942,0.0,8,0
0.5433471292844942,3.2015621187164243,14799.246070323989,14808.932853180204,134.73098196034942,0.0,8,0
0.5433389039973168,3.2015621187164243,16743.827093420878,14808.932853180204,134.73098196034942,0.0,8,0
0.5437779212288705,3.2015621187164243,21851.10293984036,14808.932853180204,134.73098196034942,0.0,8,0
0.5436995825348889,3.2015621187164243,19071.065804970105,14808.932853180204,134.73098196034942,0.0,8,0
0.5434454439377028,3.2015621187164243,13637.270252418553,14808.932853180204,134.73098196034942,0.0,8,0
0.5435017473787962,3.2015621187164243,18857.478801525936,14808.932853180204,134.73098196034942,0.0,8,0
0.5434754355721907,3.2015621187164243,15406.961249302212,14808.932853180204,134.73098196034942,0.0,8,0
0.5435692711407364,3.2015621187164243,16131.87525522064,14808.932853180204,134.73098196034942,0.0,8,0
0.5436582207389146,3.2015621187164243,12747.230010378726,14808.932853180204,134.73098196034942,0.0,8,0
0.5432824975626588,3.2015621187164243,14927.992673162726,14808.932853180204,134.73098196034942,0.0,8,0
0.5436841209187893,3.2015621187164243,18331.649812806674,14808.932853180204,134.73098196034942,0.0,8,0
0.543346691850786,3.2015621187164243,14747.42252903876,14808.932853180204,134.73098196034942,0.0,8,0
0.5435003479580648,3.2015621187164243,10057.583332211321,14808.932853180204,134.73098196034942,0.0,8,0
0.5435433957161498,3.2015621187164243,19523.556271447447,14808.932853180204,134.73098196034942,0.0,8,0
0.5436246950126958,3.2015621187164243,14986.00912048885,14808.932853180204,134.73098196034942,0.0,8,0
0.5434683066399297,3.2015621187164243,18596.582669522242,14808.932853180204,134.73098196034942,0.0,8,0
0.5435805942061197,3.2015621187164243,15038.921809341919,14808.932853180204,134.73098196034942,0.0,8,0
0.543506320639824,3.2015621187164243,21546.132424115007,14808.932853180204,134.73098196034942,0.0,8,0
0.5433882572310413,3.2015621187164243,12633.53073916789,14808.932853180204,134.73098196034942,0.0,8,0
0.5438492385511603,3.2015621187164243,18592.874814276973,14808.932853180204,134.73098196034942,0.0,8,0
0.5432490252372928,3.2015621187164243,20238.439865451586,14808.932853180204,134.73098196034942,0.0,8,0
0.5432517568928209,3.2015621187164243,18844.813071174252,14808.932853180204,134.73098196034942,0.0,8,0
0.5434610576872442,3.2015621187164243,11689.477056711092,14808.932853180204,134.73098196034942,0.0,8,0
0.5436218910503317,3.2015621187164243,15815.244480701998,14808.932853180204,134.73098196034942,0.0,8,0
0.5432449343681025,3.2015621187164243,21501.47914933703,14808.932853180204,134.73098196034942,0.0,8,0
0.5433933484481632,3.2015621187164243,12662.31317483105,14808.932853180204,134.73098196034942,0.0,8,0
0.5432964940712962,3.2015621187164243,17921.796913517766,14808.932853180204,134.73098196034942,0.0,8,0
0.5435452110609666,3.2015621187164243,16914.707601208334,14808.932853180204,134.73098196034942,0.0,8,0
0.5781872473669984,3.7735924528226414,10904.81437897959,11897.199008169948,88.89229437920926,0.0,5,0
0.500324010848999,0.0,128.0,0.0,128.0,0.0,2,0
0.5000854730606221,0.0,128.0,0.0,128.0,0.0,2,0
0.5000809431076192,0.0,128.0,0.0,128.0,0.0,2,0
0.5008740425109863,0.0,128.0,0.0,128.0,0.0,2,0
0.0,0.0,0.0,0.0,0.0,0.0,1,0
0.0,0.0,0.0,0.0,0.0,0.0,1,0
0.5002344846725606,0.0,128.0,0.0,128.0,0.0,2,0
0.500415563583374,0.0,128.0,0.0,128.0,0.0,2,0
0.500324010848999,0.0,128.0,0.0,128.0,0.0,2,0
0.500262975692749,0.0,128.0,0.0,128.0,0.0,2,0
0.4997684955596924,0.0,128.0,0.0,128.0,0.0,2,0
0.8171583839844887,0.0,209.02312471749786,0.0,209.02312471749786,0.0,3,0
0.5018279552459717,0.0,128.0,0.0,128.0,0.0,2,0
0.5003556013107442,0.0,128.0,0.0,128.0,0.0,2,0
0.500310540199294,0.0,32639.5,0.0,128.0,0.0,2,0
0.5007245540618896,0.0,128.0,0.0,128.0,0.0,2,0
0.0,0.0,0.0,0.0,0.0,0.0,1,0
0.0,0.0,0.0,0.0,0.0,0.0,1,0
0.5006065368652344,0.0,128.0,0.0,128.0,0.0,2,0
0.5001724958419942,0.0,128.0,0.0,128.0,0.0,2,0
0.4999380111694336,0.0,128.0,0.0,128.0,0.0,2,0
0.0,0.0,0.0,0.0,0.0,0.0,1,0
0.5004534721374512,0.0,128.0,0.0,128.0,0.0,2,0
0.5009324550628662,0.0,128.0,0.0,128.0,0.0,2,0
0.500434398651123,0.0,128.0,0.0,128.0,0.0,2,0
0.500033497810378,0.0,128.0,0.0,128.0,0.0,2,0
0.5002474784851074,0.0,128.0,0.0,128.0,0.0,2,0
0.4999014139175557,0.0,128.0,0.0,128.0,0.0,2,0
0.5004080533981465,0.0,128.0,0.0,128.0,0.0,2,0
0.4994710683822774,0.0,128.0,0.0,128.0,0.0,2,0
0.0,0.0,0.0,0.0,0.0,0.0,1,0
0.5004990100860596,0.0,128.0,0.0,128.0,0.0,2,0
0.0,0.0,0.0,0.0,0.0,0.0,1,0
0.0,0.0,0.0,0.0,0.0,0.0,1,0
0.5001559257507324,0.0,128.0,0.0,128.0,0.0,2,0
0.5002199411392354,0.0,128.0,0.0,128.0,0.0,2,0
0.5002059936523438,0.0,128.0,0.0,128.0,0.0,2,0
0.5004730224609375,0.0,128.0,0.0,128.0,0.0,2,0
0.5008350610733174,0.0,128.0,0.0,128.0,0.0,2,0
0.49984145164489746,0.0,128.0,0.0,128.0,0.0,2,0
0.5004719495773458,0.0,128.0,0.0,128.0,0.0,2,0
0.5001120567321777,0.0,128.0,0.0,128.0,0.0,2,0
0.5450669527053963,0.0,30662.0,768.0,2176.0,9.5,2,0
0.5005885362625264,0.0,128.0,0.0,128.0,0.0,2,0
0.5000175237655782,0.0,128.0,0.0,128.0,0.0,2,0
0.5005910396575928,0.0,128.0,0.0,128.0,0.0,2,0
0.5008474588394307,0.0,128.0,0.0,128.0,0.0,2,0
0.5005270242691182,0.0,128.0,0.0,128.0,0.0,2,0
0.5006200075149678,0.0,128.0,0.0,128.0,0.0,2,0
0.4998469352722168,0.0,128.0,0.0,128.0,0.0,2,0
0.4999229907989502,0.0,128.0,0.0,128.0,0.0,2,0
0.5403164625167978,0.0,17951.5,768.0,2176.0,21.5,2,0
0.49987947940827837,0.0,128.0,0.0,128.0,0.0,2,0
0.49987149238586426,0.0,128.0,0.0,128.0,0.0,2,0
0.5000419616699219,0.0,128.0,0.0,128.0,0.0,2,0
0.5000020265579366,0.0,128.0,0.0,128.0,0.0,2,0
0.410034576779982,1.8856180831641267,6992.1815543426,4465.143620932652,319.28809700470964,45.72623851673008,3,0
0.5426669239514711,2.0,7352.614245967213,4736.0,404.7715405015526,48.5,4,0
0.5429847675110061,2.0,7352.614245967213,4736.0,404.7715405015526,48.5,4,0
0.5427741780124379,2.0,7352.614245967213,4736.0,404.7715405015526,48.5,4,0
0.41031319716176806,1.8856180831641267,6992.181554342599,4465.143620932652,319.28809700470964,45.72623851673008,3,0
0.5006664991378926,0.0,128.0,0.0,128.0,0.0,2,0
0.6233813183784698,1.8856180831641267,15790.511693911489,3741.0662769976275,1391.7445487189411,0.9428090415820634,3,0
0.6241536783164183,1.8856180831641267,15790.51169391149,3741.0662769976275,1391.7445487189411,0.9428090415820634,3,0
0.40987475657751116,1.8856180831641267,7709.586543172511,4465.143620932652,435.1163318265843,3.7712361663282534,3,0
0.4155316742718207,1.8856180831641267,10539.237670091072,5189.220964867677,671.9153385823412,12.727922061357855,3,0
0.5288915923839924,2.0,11242.728672346408,5504.0,778.5936038781721,13.5,4,0
0.5290482947782169,2.0,11242.728672346408,5504.0,778.5936038781721,13.5,4,0
0.5289640037619509,2.0,11242.728672346408,5504.0,778.5936038781721,13.5,4,0
0.5290117346621915,2.0,11242.728672346408,5504.0,778.5936038781721,13.5,4,0
0.41498756562810174,1.8856180831641267,10539.237670091072,5189.220964867677,671.9153385823412,12.727922061357855,3,0
0.5004370212554932,0.0,128.0,0.0,128.0,0.0,2,0
0.5684598410585814,1.8856180831641267,3391.4806009568542,4223.784506287644,120.67955732250411,20.270394394014364,3,0
0.5283078317062619,2.0,3533.8189328260723,4480.0,181.01933598375618,21.5,4,0
0.5284728156512352,2.0,3533.8189328260723,4480.0,181.01933598375618,21.5,4,0
0.5284068597493822,2.0,3533.8189328260723,4480.0,181.01933598375618,21.5,4,0
0.5282219857598189,2.0,3533.8189328260723,4480.0,181.01933598375618,21.5,4,0
0.5281081107353147,2.0,3533.8189328260723,4480.0,181.01933598375618,21.5,4,0
0.5281803655494592,2.0,3533.8189328260723,4480.0,181.01933598375618,21.5,4,0
0.5281703309101247,2.0,3533.8189328260723,4480.0,181.01933598375618,21.5,4,0
0.528141575892434,2.0,3533.8189328260723,4480.0,181.01933598375618,21.5,4,0
0.5690174714765102,1.8856180831641267,3391.4806009568542,4223.784506287644,120.67955732250411,20.270394394014364,3,0
0.42411696014731676,1.8856180831641267,6777.245868017151,5068.541407545173,2235.0166790329677,1.4142135623730951,3,0
0.5000959634781026,0.0,128.0,0.0,128.0,0.0,2,0
0.5262565313757505,2.0,22467.864612597255,4608.0,527.7575200790606,45.0,4,0
0.5258378657659051,2.0,22467.864612597255,4608.0,527.7575200790606,45.0,4,0
0.5263275158977145,2.0,22467.864612597255,4608.0,527.7575200790606,45.0,4,0
0.5264940722136686,2.0,22467.864612597255,4608.0,527.7575200790606,45.0,4,0
0.5263231520183249,2.0,22467.864612597255,4608.0,527.7575200790606,45.0,4,0
0.5265457175849193,2.0,22467.864612597255,4608.0,527.7575200790606,45.0,4,0
0.53849450614484,2.0,18507.49763440482,5021.451582958856,1561.12779745926,36.834087473426024,4,0
0.42424023924834925,1.8856180831641267,10102.73947446379,5068.541407545173,1512.110519182451,16.97056274847714,3,0
0.5272492440552076,2.0,4692.745997814073,4608.0,404.7715405015526,29.5,4,0
0.5265867272168004,2.0,4692.745997814073,4608.0,404.7715405015526,29.5,4,0
0.5268528667406436,2.0,4692.745997814073,4608.0,404.7715405015526,29.5,4,0
0.5268173810029472,2.0,4692.745997814073,4608.0,404.7715405015526,29.5,4,0
0.5271132071809155,2.0,4692.745997814073,4608.0,404.7715405015526,29.5,4,0
0.41581592913678567,1.8856180831641267,4484.275043601437,4344.464063610148,435.1163318265843,27.81286672667087,3,0
0.0,0.0,0.0,0.0,0.0,0.0,1,0
0.5002224445343018,0.0,128.0,0.0,128.0,0.0,2,0
0.4167453270572343,1.8856180831641267,4802.863682799622,4465.143620932652,319.28809700470964,49.96887920384936,3,0
0.5255158720755146,2.0,5158.588275875484,4736.0,404.7715405015526,53.0,4,0
0.4996349811553955,0.0,128.0,0.0,128.0,0.0,2,0
0.5866214337865415,1.8856180831641267,13847.902183684319,3741.0662769976275,671.9153385823412,20.270394394014364,3,0
0.4116799985751398,1.8856180831641267,13727.226093505644,3741.0662769976275,791.3487782823,20.270394394014364,3,0
0.5522321622535592,2.0,11795.694511134137,3200.0,1159.0892976815894,41.5,4,0
0.5518236620401603,2.0,11795.694511134137,3200.0,1159.0892976815894,41.5,4,0
0.500220537185669,0.0,128.0,0.0,128.0,0.0,2,0
0.5004214048385762,0.0,128.0,0.0,128.0,0.0,2,0
0.4091546339358788,1.8856180831641267,1018.425036787468,2292.9115891275783,1993.9535267068454,8.48528137423857,3,0
0.566234682767137,2.0,1474.5660378565622,3200.0,286.2167011199731,16.5,4,0
0.5663696280043011,2.0,1474.5660378565622,3200.0,286.2167011199731,16.5,4,0
0.40874190281366374,1.8856180831641267,1449.099950544015,3016.988933062603,319.28809700470964,15.556349186104045,3,0
0.5854729899525692,2.0,5214.571219189551,3968.0,1031.9689917822143,5.5,4,0
0.585253159218707,2.0,5214.571219189551,3968.0,1031.9689917822143,5.5,4,0
0.5853632814402141,2.0,5214.571219189551,3968.0,1031.9689917822143,5.5,4,0
0.46919056387144586,0.4714045207910317,7233.985961341707,4947.390445701878,791.3487782823,18.384776310850235,3,0
0.5573832008646263,2.160246899469287,9760.41602027746,6964.56148416156,920.0579691881738,18.62495339293199,6,0
0.556968162189157,2.160246899469287,9760.41602027746,6964.56148416156,920.0579691881738,18.62495339293199,6,0
0.5572834531613398,2.160246899469287,9760.41602027746,6964.56148416156,920.0579691881738,18.62495339293199,6,0
0.5659469345890837,2.160246899469287,9636.102958261821,6901.568275882421,801.63388706372,19.096247449870006,6,0
0.5657498924210194,2.160246899469287,9636.102958261821,6901.568275882421,801.63388706372,19.096247449870006,6,0
0.5332933754741445,2.315167380558045,11818.835154108885,7985.76014165214,1137.9768714697148,31.116555079250016,5,0
0.6067822744095629,2.315167380558045,20010.71841189116,7674.424658565617,191.5728582028258,22.220711059729837,5,0
0.6181987518689351,1.854723699099141,16048.703441711421,6492.884394473692,261.0697990959506,18.022208521710095,5,0
0.501903231744466,0.5,6445.771036113523,4607.5,286.2167011199731,1.0,4,0
0.4484517566929877,1.8547236990991407,5791.013085808044,6030.725826963119,713.1334797918269,0.9797958971132712,5,0
0.5504668634746384,2.160246899469287,5310.2216107762915,6409.233356823749,879.5958667984343,0.9428090415820634,6,0
0.5686065952286121,2.160246899469287,5487.094335802875,6397.306117074245,1132.878340040683,19.102065042525872,6,0
0.5620113936161059,2.160246899469287,5649.641896222764,6375.084853465787,1283.5506309539262,24.055491403558285,6,0
0.5619143081439689,2.160246899469287,5649.641896222764,6375.084853465787,1283.5506309539262,24.055491403558285,6,0
0.5620046577523787,2.160246899469287,5649.641896222764,6375.084853465787,1283.5506309539262,24.055491403558285,6,0
0.45341827011789076,0.4714045207910317,6939.390190947776,4343.992659089357,911.1106775066719,26.870057685088806,3,0
0.5646506021157113,2.0,11369.720533065005,3200.0,1159.0892976815894,15.5,4,0
0.5642312665672147,2.0,11369.720533065005,3200.0,1159.0892976815894,15.5,4,0
0.5563562478622504,2.160246899469287,10124.946035521483,7076.571690365957,1397.6182915549184,12.762793146051099,6,0
0.5561249691170937,2.160246899469287,10124.946035521483,7076.571690365957,1397.6182915549184,12.762793146051099,6,0
0.5001524686813497,0.0,128.0,0.0,128.0,0.0,2,0
0.585634119014809,2.315167380558045,14285.683023222935,7005.898514823063,783.2093972878517,12.544321424453376,5,0
0.5505719008797731,2.160246899469287,16152.193170657112,6409.233356823749,801.63388706372,11.728408057172787,6,0
0.5501916735366399,2.160246899469287,16152.193170657112,6409.233356823749,801.63388706372,11.728408057172787,6,0
0.5504130631681858,2.160246899469287,16152.193170657112,6409.233356823749,801.63388706372,11.728408057172787,6,0
0.5504197205850301,2.160246899469287,16152.193170657112,6409.233356823749,801.63388706372,11.728408057172787,6,0
0.5555469573076682,2.160246899469287,16741.11737277082,6094.329331435904,1422.7909973788217,16.650825805346713,6,0
0.5470169137427929,2.0,23554.333787808562,2304.0,1286.384079503474,21.0,4,0
0.5469954187645978,2.0,11680.201378829048,2304.0,1286.384079503474,21.0,4,0
0.5542693905115882,2.160246899469287,16676.067302174895,6492.1849942835115,1344.5078405622382,43.660622991432454,6,0
0.5479198197710362,2.160246899469287,20676.344760780776,6422.848122133981,683.9987004536063,55.4276304943863,6,0
0.5450859039374375,2.5,6056.35278034561,7807.5,652.6744977398764,2.5,4,0
0.6073865409018119,2.160246899469287,24773.170249732313,6375.080391649975,1158.3037406291821,38.94440481849308,6,0
0.579738524940129,2.5,25331.010496030354,7845.1819768568785,1418.1452675942617,23.547823678633232,4,0
0.5477405479318956,2.5,6927.182688510532,7807.5,128.0,9.5,4,0
0.6068080543623112,2.160246899469287,21587.429989592452,6375.080391649975,384.0,17.594190960528863,6,0
0.45554711787219526,0.4714045207910317,22214.71248219672,4464.672216411861,319.28809700470964,6.599663291074443,3,0
0.6041659313566955,1.8547236990991407,25875.52118586213,6072.736733961057,474.8092669693801,7.652450587883596,5,0
0.5560017349044559,2.160246899469287,26204.312880813253,6422.848122133981,541.3793083925128,7.717224601860151,6,0
0.5561767487173332,2.160246899469287,26204.312880813253,6422.848122133981,541.3793083925128,7.717224601860151,6,0
0.5559793493181303,2.160246899469287,7941.289581813663,6422.848122133981,541.3793083925128,7.717224601860151,6,0
0.5558781242506106,2.160246899469287,7941.289581813663,6422.848122133981,541.3793083925128,7.717224601860151,6,0
0.48966618144925517,0.4714045207910317,8800.32879436268,4464.672216411861,435.1163318265843,6.599663291074443,3,0
0.6162689884152901,1.8547236990991407,17887.626210316448,6370.996700674079,2031.291845107443,42.47069577956076,5,0
0.571568164299076,2.5,24318.33686747513,7807.5,181.01933598375618,58.0,4,0
0.4261272883804162,2.0615528128088303,20255.82262430978,6637.040323065696,478.9321455070645,60.60321773635456,4,0
0.5012959804748598,0.5,3108.13678109571,4735.5,652.6744977398764,63.0,4,0
0.679037547176356,2.0615528128088303,10699.745846864775,6108.75308471377,940.6040612287404,52.093065757353926,4,0
0.5903188054418388,2.5,12967.631742149373,7039.5,1159.0892976815894,30.5,4,0
0.5574885440957482,2.0,7315.11995800479,3072.0,404.7715405015526,12.0,4,0
0.5055090318828478,2.1540659228538015,7113.809229941438,5720.318438688531,546.6664065040031,11.6,5,0
0.44769743871478146,1.8547236990991407,5814.983700751018,6072.736733961057,546.6664065040031,11.436782764396638,5,0
0.5006207670954367,0.5,263.65555180955323,4735.5,404.7715405015526,11.5,4,0
0.6285556324549807,1.8547236990991407,1712.1182903059005,5581.5045641833885,803.0406216375359,31.52522799283139,5,0
0.6102593555105089,2.315167380558045,2079.475664680883,6266.038001799861,895.6342110482382,35.623587691303634,5,0
0.5747010596978782,2.160246899469287,16239.467591847544,6009.9686262815785,801.63388706372,52.63527545498572,6,0
0.5578955605298664,2.160246899469287,17029.558381433933,6326.902577266558,453.5528880100117,53.559935275041795,6,0
0.557808156912444,2.160246899469287,17029.558381433933,6326.902577266558,453.5528880100117,53.559935275041795,6,0
0.5576298673986898,2.160246899469287,17029.558381433933,6326.902577266558,453.5528880100117,53.559935275041795,6,0
0.5576429277748063,2.160246899469287,17029.558381433933,6326.902577266558,453.5528880100117,53.559935275041795,6,0
0.5712084334366171,3.299831645537222,2014.1471313354114,16113.829760660734,1397.6182915549184,12.970050972229146,6,0
0.5545013588794881,3.2015621187164243,20834.903747977816,14642.5746455328,1593.5871485425578,37.10373970370103,8,0
0.46962019165140123,3.368521749300456,21946.256471253608,15653.227630917087,1459.1954171070174,36.444534317681345,7,0
0.5073505516826586,3.559026084010437,23247.864432387476,16906.924084528207,1231.4342135178078,34.179265969622904,6,0
0.5694374303618468,3.2015621187164243,24331.076767942268,14664.390619797332,1566.3664960666133,30.243801017729236,8,0
0.5684417872724267,3.2015621187164243,20572.81516346268,14250.016710516518,1566.3664960666133,23.301019291009567,8,0
0.5566515720454324,3.2015621187164243,20846.455933803234,14455.059192199802,902.8311026986166,13.490737563232042,8,0
0.5568102607297158,3.2015621187164243,20846.455933803234,14455.059192199802,902.8311026986166,13.490737563232042,8,0
0.6531207779365891,2.9860788111948193,22529.91881673986,13179.621180907372,1343.8306771646824,11.838027238053176,6,0
0.4756602311099145,3.7712361663282534,26520.01005949198,17739.894926408106,911.1106775066719,47.14045207910317,3,0
0.6219454690444712,3.368521749300456,24581.79576060965,15029.720507401735,1021.3844146299568,38.70769580181329,7,0
0.5042162015669753,3.559026084010437,25260.470599117685,16196.856546873532,1039.0012298142651,40.86835233065094,6,0
0.47528275594041125,3.368521749300456,26597.0565150602,15075.576861741833,1190.6794493147215,41.93435102536306,7,0
0.5096234520155385,3.116774889895918,26121.714831042118,14025.596574310348,1084.8838929694227,42.36719948069184,7,0
0.5190661766809903,2.8674417556808756,23878.403775983203,13385.024077511238,683.9987004536063,42.06608557443342,6,0
0.5221759428505509,3.116774889895918,23279.681182507284,14285.23154327216,1036.9789717034296,45.04238366839184,7,0
0.5156184556891503,3.2015621187164243,22541.79077153144,14549.983376279164,1226.063619882753,45.94834055763059,8,0
0.543341894934708,3.270149469217028,17062.889308409067,15482.42707071472,1444.4556915661897,49.00354006370876,7,0
0.5638890520437572,2.9860788111948193,17788.726286299672,12725.963112428422,951.1891972099394,32.817678162843876,6,0
0.5040967264515079,3.559026084010437,16239.905110560221,16196.856546873532,651.27840095888,41.35483311805553,6,0
0.46636673367408954,3.337497399083464,14599.665845681386,14563.529739462965,644.2525384764373,27.09038369770515,6,0
0.5226369547964844,2.8674417556808756,13736.752220068453,12663.775117326675,683.9987004536063,33.25657829663178,6,0
0.5239066982294288,3.2998316455372216,16916.817831836917,16219.249804544668,453.5528880100117,40.762182909598394,6,0
0.5258012963965266,3.2015621187164243,15979.156695129439,14487.339584961761,623.7948380677736,35.301380992816696,8,0
0.5251778093339792,3.2015621187164243,15979.156695129439,14487.339584961761,623.7948380677736,35.301380992816696,8,0
0.5253416120668213,3.2015621187164243,15979.156695129439,14487.339584961761,623.7948380677736,35.301380992816696,8,0
0.5253805327205691,3.2015621187164243,15979.156695129439,14487.339584961761,623.7948380677736,35.301380992816696,8,0
0.5354091412121869,3.2015621187164243,19089.44291314901,14130.913638190561,1096.904736064167,29.746585938557722,8,0
0.5272056260002064,3.2015621187164243,21185.582037083615,13761.616193238351,1342.475325657794,21.9260119492807,8,0
0.5288453586456378,3.2998316455372216,21384.727577305155,15430.073500220995,1546.0412528634401,24.513035081133648,6,0
0.5239895522741553,3.2015621187164243,21844.71985400591,13987.926231218122,1677.483830026388,37.85085864283663,8,0
0.536986961006669,3.116774889895918,18031.15441537287,19799.47091954423,682.2311535973532,29.249803767002664,7,0
0.5262672533270644,3.2015621187164243,17289.71146375786,22470.18576219387,746.3618425401985,30.515364982251153,8,0
0.5259555596630885,3.2015621187164243,17289.71146375786,22470.18576219387,746.3618425401985,30.515364982251153,8,0
0.5547780487604125,3.368521749300456,17448.844216445854,22854.711189402948,797.8943718133551,28.942589196334094,7,0
0.5169100281406409,3.2015621187164243,15604.483320107078,22790.552432696757,1396.3151506733714,22.230328382639787,8,0
0.4608017849633848,1.8547236990991407,9480.980468284914,27300.98074135799,1183.1521288490335,33.63093813737583,5,0
0.5027836571128832,3.0230595245361753,10910.189300985265,24841.593510459206,1475.551271747463,39.525308347943344,6,0
0.523984852865393,3.116774889895918,16434.59671248555,20108.341984035847,358.3253566585678,41.97083535513873,7,0
0.5209089962943413,2.8674417556808756,17735.381836568642,13316.298459657122,343.98966392740476,41.97088938247027,6,0
0.5366918652625624,3.116774889895918,16860.583187676853,19686.48335735948,611.9570479792095,39.77949425602727,7,0
0.5209170749159314,3.2015621187164243,16090.503882336936,22219.427899644492,765.3286875584895,37.844253196489426,8,0
0.5217727634101046,3.2015621187164243,15423.59504946885,22094.07667650993,1101.0976341814562,35.695763053897586,8,0
0.5124848029974248,3.2015621187164243,12902.431175945097,22426.394453578578,972.7157858285225,23.41340428045439,8,0
0.5123718547644788,3.2015621187164243,12902.431175945097,22426.394453578578,972.7157858285225,23.41340428045439,8,0
0.5143781937992066,3.2998316455372216,6783.482897614044,21843.001182682445,541.3793083925128,11.430952132988164,6,0
0.532120418230581,3.270149469217028,8843.622348613602,22682.006524097105,936.6856027330339,23.20010555922502,7,0
0.5130745821566461,2.8996833043120622,9616.689145566106,24178.715715965343,1188.4307609067464,26.88827982294023,7,0
0.5360496964077714,2.8996833043120627,13981.183731380268,23737.747350271176,1391.6377666150727,34.735149520980876,7,0
0.5208486210108346,3.2015621187164243,14453.250862695217,21997.743161231334,1157.321044481608,37.71604433129222,8,0
0.5117685562213784,2.8996833043120622,13889.233578126445,23359.257916469935,1190.6794493147213,40.24719536432169,7,0
0.523600453694489,3.2015621187164243,11944.569485230517,21890.215535428153,1503.6595359322534,38.96793553679743,8,0
0.5003022646887719,3.559026084010437,12709.132648086834,22159.401200293196,951.1891972099394,44.4996878890428,6,0
0.5140285078182384,3.2015621187164243,14665.418379644,22217.84004325128,1267.1353518862932,46.39706348466463,8,0
0.5138492178565397,3.2015621187164243,14665.418379644,22217.84004325128,1267.1353518862932,46.39706348466463,8,0
0.5163500351394266,3.2015621187164243,12968.493368545169,22577.74267254147,1239.3546707863734,43.568910934288915,8,0
0.49440462470582025,2.6832815729997477,13696.10594293137,10711.35939085231,734.858244833655,19.6509541753066,5,0
0.5344076410911435,2.899683304312063,12040.957718367348,23293.196963394916,880.7566320488078,44.56272808854814,7,0
0.5257077822974723,2.8674417556808756,14009.032998589002,11873.15478997333,951.1891972099394,31.44307024873154,6,0
0.5264676002244347,3.2015621187164243,16646.305917154714,21305.342057509897,1185.2965873569367,40.10610926031095,8,0
0.5118650558744638,2.8996833043120622,16152.38920723621,22649.0094165511,1245.577974193474,41.943596723724696,7,0
0.5295959898836055,2.9860788111948193,12404.114282724457,23249.437903002203,1453.1743032257195,39.28846310729568,6,0
0.5215609697860076,3.03315017762062,5687.486355148468,23616.225476565894,1417.04729631724,30.910192493739018,5,0
0.5074414687330209,3.559026084010437,6381.558795989164,21577.999665296957,1574.0472956327865,28.24889378365107,6,0
0.5110477958183787,3.5,7787.05207379532,11648.5,1924.2619364317322,15.0,4,0
0.5007900413570135,4.0,5712.934119172039,13951.5,652.6744977398764,4.0,4,0
0.5000420808792256,0.0,128.0,0.0,128.0,0.0,2,0
0.5036799729438507,4.0,9710.343673114769,14847.5,527.7575200790606,12.0,4,0
0.5037344865315307,4.0,9710.343673114769,14847.5,527.7575200790606,12.0,4,0
0.49993348121643066,0.0,128.0,0.0,128.0,0.0,2,0
0.5005419254302979,0.0,128.0,0.0,128.0,0.0,2,0
0.5008350610733174,0.0,128.0,0.0,128.0,0.0,2,0
0.5005275011062764,0.0,128.0,0.0,128.0,0.0,2,0
0.5005019903183126,0.0,128.0,0.0,128.0,0.0,2,0
0.0,0.0,0.0,0.0,0.0,0.0,1,0
