35017,22238,1,84,0
28864,22238,2,84,0
7863,22238,3,84,0
5296,22238,4,84,0
58535,22238,5,84,0
5025,22238,6,84,0
17818,22238,7,84,0
16018,22238,8,84,0
64399,22238,9,84,0
30601,22238,10,84,0
16515,22238,11,84,0
29562,22238,12,84,0
5237,22238,13,84,0
52078,22238,14,84,0
46442,22238,15,84,0
1378,22238,16,84,0
12891,22238,17,84,0
10323,22238,18,84,0
9035,22238,19,84,0
36425,22238,20,84,0
51270,22238,21,84,0
57920,22238,22,84,0
36409,22238,23,84,0
8244,22238,24,84,0
5419,22238,25,84,0
49699,22238,26,84,0
30754,22238,27,84,0
34844,22238,28,84,0
32534,22238,29,84,0
39183,22238,30,84,0
59147,22238,31,84,0
50178,22238,32,84,0
23292,22238,33,84,0
49909,22238,34,84,0
47601,22238,35,84,0
10477,22238,36,84,0
31975,22238,37,84,0
53216,22238,38,84,0
14047,22238,39,84,0
46294,22238,40,84,0
25556,22238,41,84,0
51659,22238,42,84,0
33224,22238,43,84,0
64961,22238,44,84,0
39867,22238,45,84,0
44210,22238,46,84,0
30121,22238,47,84,0
2977,22238,48,84,0
35993,22238,49,84,0
4499,22238,50,84,0
34702,22238,51,84,0
48778,22238,52,84,0
31874,22238,53,84,0
24192,22238,54,84,0
5757,22238,55,84,0
27514,22238,56,84,0
6520,22238,57,84,0
55406,22238,58,84,0
42859,22238,59,84,0
24676,22238,60,84,0
29020,22238,61,84,0
61272,22238,62,84,0
38738,22238,63,84,0
28240,22238,64,84,0
14152,22238,65,84,0
14659,22238,66,84,0
28729,22238,67,84,0
41013,22238,68,84,0
39731,22238,69,84,0
37938,22238,70,84,0
16689,22238,71,84,0
45868,22238,72,84,0
49192,22238,73,84,0
61474,22238,74,84,0
63006,22238,75,84,0
47894,22238,76,84,0
37652,22238,77,84,0
30738,22238,78,84,0
8464,22238,79,84,0
48651,22238,80,84,0
3338,22238,81,84,0
62214,22238,82,84,0
47362,22238,83,84,0
47612,22238,84,84,0
57335,22238,85,84,0
22259,22238,86,84,0
60655,22238,87,84,0
61673,22238,88,84,0
63463,22238,89,84,0
54242,22238,90,84,0
49885,22238,91,84,0
58074,22238,92,84,0
12503,22238,93,84,0
10193,22238,94,84,0
205,22238,95,84,0
8647,22238,96,84,0
48831,22238,97,84,0
25527,22238,98,84,0
49073,22238,99,84,0
31147,22238,100,84,0
29347,22238,101,84,0
21405,22238,102,84,0
20117,22238,103,84,0
9102,22238,104,84,0
4486,22238,105,84,0
10880,22238,106,84,0
46198,22238,107,84,0
32367,22238,108,84,0
30055,22238,109,84,0
18014,22238,110,84,0
20311,22238,111,84,0
60240,22238,112,84,0
14409,22238,113,84,0
23872,22238,114,84,0
311,22238,115,84,0
24621,22238,116,84,0
3366,22238,117,84,0
20255,22238,118,84,0
18455,22238,119,84,0
19472,22238,120,84,0
4360,22238,121,84,0
31236,22238,122,84,0
59129,22238,123,84,0
47858,22238,124,84,0
6634,22238,125,84,0
60129,22238,126,84,0
19417,22238,127,84,0
31955,22238,128,84,0
41420,22238,129,84,0
964,22238,130,84,0
46780,22238,131,84,0
49590,22238,132,84,0
12720,22238,133,84,0
21674,22238,134,84,0
37281,22238,135,84,0
10393,22238,136,84,0
9107,22238,137,84,0
141,22238,138,84,0
17027,22238,139,84,0
56953,22238,140,84,0
8306,22238,141,84,0
10603,22238,142,84,0
31585,22238,143,84,0
34393,22238,144,84,0
13649,22238,145,84,0
50248,22238,146,84,0
11075,22238,147,84,0
30782,22238,148,84,0
16185,22238,149,84,0
31794,22238,150,84,0
29740,22238,151,84,0
50214,22238,152,84,0
56352,22238,153,84,0
52759,22238,154,84,0
25873,22238,155,84,0
28426,22238,156,84,0
41477,22238,157,84,0
32767,22238,158,84,0
18167,22238,159,84,0
17648,22238,160,84,0
52200,22238,161,84,0
13794,22238,162,84,0
59353,22238,163,84,0
52434,22238,164,84,0
43209,22238,165,84,0
51137,22238,166,84,0
44728,22238,167,84,0
65458,22238,168,84,0
21418,22238,169,84,0
8098,22238,170,84,0
14489,22238,171,84,0
5524,22238,172,84,0
46477,22238,173,84,0
40327,22238,174,84,0
17536,22238,175,84,0
21369,22238,176,84,0
7537,22238,177,84,0
18536,22238,178,84,0
11104,22238,179,84,0
61783,22238,180,84,0
42063,22238,181,84,0
15175,22238,182,84,0
12096,22238,183,84,0
43576,22238,184,84,0
27441,22238,185,84,0
1578,22238,186,84,0
15648,22238,187,84,0
26138,22238,188,84,0
7954,22238,189,84,0
47115,22238,190,84,0
35844,22238,191,84,0
24830,22238,192,84,0
10230,22238,193,84,0
55020,22238,194,84,0
45026,22238,195,84,0
45531,22238,196,84,0
11988,22238,197,84,0
48589,22238,198,84,0
40644,22238,199,84,0
27835,22238,200,84,0
51891,22238,201,84,0
52652,22238,202,84,0
43172,22238,203,84,0
17311,22238,204,84,0
52376,22238,205,84,0
25744,22238,206,84,0
3979,22238,207,84,0
1668,22238,208,84,0
1149,22238,209,84,0
10099,22238,210,84,0
43885,22238,211,84,0
15461,22238,212,84,0
51548,22238,213,84,0
52052,22238,214,84,0
55115,22238,215,84,0
50498,22238,216,84,0
26685,22238,217,84,0
53302,22238,218,84,0
41261,22238,219,84,0
17958,22238,220,84,0
58653,22238,221,84,0
64277,22238,222,84,0
64269,22238,223,84,0
15879,22238,224,84,0
43008,22238,225,84,0
64502,22238,226,84,0
51185,22238,227,84,0
49640,22238,228,84,0
32480,22238,229,84,0
7130,22238,230,84,0
723,22238,231,84,0
1741,22238,232,84,0
7366,22238,233,84,0
3262,22238,234,84,0
6581,22238,235,84,0
8622,22238,236,84,0
48296,22238,237,84,0
48033,22238,238,84,0
51354,22238,239,84,0
4500,22238,240,84,0
28300,22238,241,84,0
20100,22238,242,84,0
28541,22238,243,84,0
20109,40182,1,84,0
26487,22238,244,84,0
45958,40182,2,84,0
54127,22238,245,84,0
51072,40182,3,84,0
33386,22238,246,84,0
35703,40182,4,84,0
3939,22238,247,84,0
39278,40182,5,84,0
55387,22238,248,84,0
53094,40182,6,84,0
61268,22238,249,84,0
42335,40182,7,84,0
5199,22238,250,84,0
51543,40182,8,84,0
38726,22238,251,84,0
23377,40182,9,84,0
14912,22238,252,84,0
21320,40182,10,84,0
31032,22238,253,84,0
2367,40182,11,84,0
10034,22238,254,84,0
49206,40182,12,84,0
27945,22238,255,84,0
47,40182,13,84,0
46113,22238,256,84,0
8744,40182,14,84,0
58394,22238,257,84,0
10272,40182,15,84,0
50706,22238,258,84,0
16154,40182,16,84,0
22287,22238,259,84,0
18450,40182,17,84,0
37895,22238,260,84,0
53258,40182,18,84,0
28416,22238,261,84,0
44038,40182,19,84,0
11255,22238,262,84,0
45312,40182,20,84,0
1776,22238,263,84,0
4858,40182,21,84,0
34536,22238,264,84,0
18418,40182,22,84,0
60641,22238,265,84,0
45032,40182,23,84,0
19417,22238,266,84,0
4575,40182,24,84,0
16595,22238,267,84,0
61909,40182,25,84,0
42700,22238,268,84,0
34252,40182,26,84,0
6339,22238,269,84,0
57796,40182,27,84,0
26554,22238,270,84,0
65212,40182,28,84,0
4020,22238,271,84,0
29876,40182,29,84,0
33706,22238,272,84,0
23214,40182,30,84,0
63396,22238,273,84,0
42663,40182,31,84,0
43675,22238,274,84,0
48287,40182,32,84,0
23954,22238,275,84,0
12951,40182,33,84,0
16522,22238,276,84,0
56464,40182,34,84,0
27265,22238,277,84,0
45193,40182,35,84,0
38521,22238,278,84,0
34688,40182,36,84,0
46703,22238,279,84,0
60280,40182,37,84,0
34153,22238,280,84,0
48752,40182,38,84,0
43104,22238,281,84,0
48231,40182,39,84,0
50266,22238,282,84,0
2143,40182,40,84,0
43601,22238,283,84,0
2137,40182,41,84,0
7754,22238,284,84,0
42322,40182,42,84,0
51779,22238,285,84,0
22602,40182,43,84,0
33339,22238,286,84,0
52289,40182,44,84,0
23349,22238,287,84,0
61753,40182,45,84,0
39470,22238,288,84,0
21555,40182,46,84,0
25640,22238,289,84,0
57642,40182,47,84,0
43553,22238,290,84,0
54052,40182,48,84,0
38682,22238,291,84,0
6175,40182,49,84,0
9492,22238,292,84,0
11032,40182,50,84,0
40205,22238,293,84,0
27665,40182,51,84,0
29445,22238,294,84,0
37641,40182,52,84,0
65021,22238,295,84,0
12037,40182,53,84,0
46071,22238,296,84,0
48893,40182,54,84,0
35569,22238,297,84,0
26357,40182,55,84,0
10987,22238,298,84,0
62702,40182,56,84,0
27619,22238,299,84,0
60389,40182,57,84,0
47580,22238,300,84,0
3551,40182,58,84,0
59093,22238,301,84,0
59605,40182,59,84,0
62927,22238,302,84,0
5070,40182,60,84,0
42440,22238,303,84,0
27589,40182,61,84,0
5314,22238,304,84,0
4542,40182,62,84,0
42936,22238,305,84,0
10936,40182,63,84,0
42159,22238,306,84,0
14256,40182,64,84,0
5030,22238,307,84,0
60330,40182,65,84,0
64414,22238,308,84,0
48291,40182,66,84,0
41110,22238,309,84,0
50074,40182,67,84,0
23694,22238,310,84,0
7827,40182,68,84,0
49542,22238,311,84,0
7053,40182,69,84,0
38526,22238,312,84,0
20870,40182,70,84,0
18293,22238,313,84,0
25470,40182,71,84,0
4206,22238,314,84,0
5240,40182,72,84,0
10597,22238,315,84,0
41329,40182,73,84,0
32093,22238,316,84,0
45674,40182,74,84,0
57428,22238,317,84,0
55140,40182,75,84,0
55883,22238,318,84,0
5468,40182,76,84,0
61762,22238,319,84,0
63572,40182,77,84,0
58428,22238,320,84,0
332,40182,78,84,0
27187,22238,321,84,0
35654,40182,79,84,0
54317,22238,322,84,0
65085,40182,80,84,0
38694,22238,323,84,0
2869,40182,81,84,0
2848,22238,324,84,0
45612,40182,82,84,0
49174,22238,325,84,0
55076,40182,83,84,0
25870,22238,326,84,0
29982,40182,84,84,0
36359,22238,327,84,0
59414,40182,85,84,0
25599,22238,328,84,0
26127,40182,86,84,0
46841,22238,329,84,0
54280,40182,87,84,0
46577,22238,330,84,0
57089,40182,88,84,0
19689,22238,331,84,0
15866,40182,89,84,0
62434,22238,332,84,0
55537,40182,90,84,0
65500,22238,333,84,0
65003,40182,91,84,0
48853,22238,334,84,0
42213,40182,92,84,0
57551,22238,335,84,0
32989,40182,93,84,0
46025,22238,336,84,0
52439,40182,94,84,0
13507,22238,337,84,0
37070,40182,95,84,0
33467,22238,338,84,0
62916,40182,96,84,0
4789,22238,339,84,0
25276,40182,97,84,0
40366,22238,340,84,0
47798,40182,98,84,0
60582,22238,341,84,0
39342,40182,99,84,0
12705,22238,342,84,0
47271,40182,100,84,0
30361,22238,343,84,0
65182,40182,101,84,0
37522,22238,344,84,0
47768,40182,102,84,0
40844,22238,345,84,0
6032,40182,103,84,0
17542,22238,346,84,0
44422,40182,104,84,0
64383,22238,347,84,0
47487,40182,105,84,0
20857,22238,348,84,0
9849,40182,106,84,0
14449,22238,349,84,0
17008,40182,107,84,0
12651,22238,350,84,0
20839,40182,108,84,0
56163,22238,351,84,0
13408,40182,109,84,0
8029,22238,352,84,0
60503,40182,110,84,0
53076,22238,353,84,0
62543,40182,111,84,0
28237,22238,354,84,0
16969,40182,112,84,0
21828,22238,355,84,0
42816,40182,113,84,0
22845,22238,356,84,0
62009,40182,114,84,0
57398,22238,357,84,0
12596,40182,115,84,0
62767,22238,358,84,0
37418,40182,116,84,0
14890,22238,359,84,0
20514,40182,117,84,0
41506,22238,360,84,0
23833,40182,118,84,0
40476,22238,361,84,0
58898,40182,119,84,0
42005,22238,362,84,0
26380,40182,120,84,0
39183,22238,363,84,0
13062,40182,121,84,0
63493,22238,364,84,0
44541,40182,122,84,0
35328,22238,365,84,0
6902,40182,123,84,0
40183,22238,366,84,0
29680,40182,124,84,0
20208,22238,367,84,0
60135,40182,125,84,0
58342,22238,368,84,0
55262,40182,126,84,0
59613,22238,369,84,0
11222,40182,127,84,0
38359,22238,370,84,0
3022,40182,128,84,0
58320,22238,371,84,0
52421,40182,129,84,0
2504,22238,372,84,0
50364,40182,130,84,0
28354,22238,373,84,0
51638,40182,131,84,0
64187,22238,374,84,0
27055,40182,132,84,0
4791,22238,375,84,0
7336,40182,133,84,0
63151,22238,376,84,0
62110,40182,134,84,0
50090,22238,377,84,0
32409,40182,135,84,0
55458,22238,378,84,0
39056,40182,136,84,0
40603,22238,379,84,0
53384,40182,137,84,0
25238,22238,380,84,0
31104,40182,138,84,0
39821,22238,381,84,0
51063,40182,139,84,0
37764,22238,382,84,0
61807,40182,140,84,0
20092,22238,383,84,0
1127,40182,141,84,0
62067,22238,384,84,0
39774,40182,142,84,0
20586,22238,385,84,0
35161,40182,143,84,0
32097,22238,386,84,0
28752,40182,144,84,0
9817,22238,387,84,0
28232,40182,145,84,0
5970,22238,388,84,0
7491,40182,146,84,0
46411,22238,389,84,0
21306,40182,147,84,0
5699,22238,390,84,0
56116,40182,148,84,0
4154,22238,391,84,0
12588,40182,149,84,0
28978,22238,392,84,0
23332,40182,150,84,0
54570,22238,393,84,0
48413,40182,151,84,0
61218,22238,394,84,0
39960,40182,152,84,0
35355,22238,395,84,0
12819,40182,153,84,0
28691,22238,396,84,0
50447,40182,154,84,0
44044,22238,397,84,0
19210,40182,155,84,0
32263,22238,398,84,0
45825,40182,156,84,0
22529,22238,399,84,0
38907,40182,157,84,0
33017,22238,400,84,0
25844,40182,158,84,0
16624,22238,401,84,0
30957,40182,159,84,0
35816,22238,402,84,0
17127,40182,160,84,0
20705,22238,403,84,0
44511,40182,161,84,0
24027,22238,404,84,0
45016,40182,162,84,0
57554,22238,405,84,0
54991,40182,163,84,0
17868,22238,406,84,0
50630,40182,164,84,0
2756,22238,407,84,0
40384,40182,165,84,0
36540,22238,408,84,0
28855,40182,166,84,0
58550,22238,409,84,0
29361,40182,167,84,0
49072,22238,410,84,0
61352,40182,168,84,0
54695,22238,411,84,0
33185,40182,169,84,0
52129,22238,412,84,0
20376,40182,170,84,0
41881,22238,413,84,0
10128,40182,171,84,0
7828,22238,414,84,0
10376,40182,172,84,0
11404,22238,415,84,0
45951,40182,173,84,0
29571,22238,416,84,0
28538,40182,174,84,0
52859,22238,417,84,0
43377,40182,175,84,0
64372,22238,418,84,0
4201,40182,176,84,0
35950,22238,419,84,0
54112,40182,177,84,0
1894,22238,420,84,0
36951,40182,178,84,0
19294,22238,421,84,0
11087,40182,179,84,0
44631,22238,422,84,0
8265,40182,180,84,0
3152,22238,423,84,0
42048,40182,181,84,0
48198,22238,424,84,0
55607,40182,182,84,0
57151,22238,425,84,0
15921,40182,183,84,0
15159,22238,426,84,0
47401,40182,184,84,0
29743,22238,427,84,0
4131,40182,185,84,0
12329,22238,428,84,0
64027,40182,186,84,0
11808,22238,429,84,0
49684,40182,187,84,0
48921,22238,430,84,0
27918,40182,188,84,0
18708,22238,431,84,0
26119,40182,189,84,0
46605,22238,432,84,0
37120,40182,190,84,0
43531,22238,433,84,0
15096,40182,191,84,0
13062,22238,434,84,0
14576,40182,192,84,0
39677,22238,435,84,0
34279,40182,193,84,0
13815,22238,436,84,0
31200,40182,194,84,0
6641,22238,437,84,0
2519,40182,195,84,0
8168,22238,438,84,0
61646,40182,196,84,0
18912,22238,439,84,0
64711,40182,197,84,0
43736,22238,440,84,0
56769,40182,198,84,0
23250,22238,441,84,0
47546,40182,199,84,0
17609,22238,442,84,0
1714,40182,200,84,0
50624,22238,443,84,0
26025,40182,201,84,0
61114,22238,444,84,0
50080,40182,202,84,0
5300,22238,445,84,0
41624,40182,203,84,0
5293,22238,446,84,0
65167,40182,204,84,0
9383,22238,447,84,0
49802,40182,205,84,0
50846,22238,448,84,0
63362,40182,206,84,0
38295,22238,449,84,0
41595,40182,207,84,0
39311,22238,450,84,0
372,40182,208,84,0
34439,22238,451,84,0
3947,40182,209,84,0
43392,22238,452,84,0
22372,40182,210,84,0
33913,22238,453,84,0
20319,40182,211,84,0
884,22238,454,84,0
50774,40182,212,84,0
53355,22238,455,84,0
24143,40182,213,84,0
16229,22238,456,84,0
27977,40182,214,84,0
64347,22238,457,84,0
47427,40182,215,84,0
22870,22238,458,84,0
11324,40182,216,84,0
41549,22238,459,84,0
12083,40182,217,84,0
18501,22238,460,84,0
39722,40182,218,84,0
21823,22238,461,84,0
22116,40182,219,84,0
22073,22238,462,84,0
40286,40182,220,84,0
12336,22238,463,84,0
62551,40182,221,84,0
24105,22238,464,84,0
15696,40182,222,84,0
26144,22238,465,84,0
46920,40182,223,84,0
55831,22238,466,84,0
60484,40182,224,84,0
6929,22238,467,84,0
54079,40182,225,84,0
24841,22238,468,84,0
35894,40182,226,84,0
6145,22238,469,84,0
43821,40182,227,84,0
36600,22238,470,84,0
2342,40182,228,84,0
26096,22238,471,84,0
64798,40182,229,84,0
32745,22238,472,84,0
44566,40182,230,84,0
64739,22238,473,84,0
47632,40182,231,84,0
10462,22238,474,84,0
15623,40182,232,84,0
38872,22238,475,84,0
19201,40182,233,84,0
35279,22238,476,84,0
29688,40182,234,84,0
65479,22238,477,84,0
23793,40182,235,84,0
40384,22238,478,84,0
36074,40182,236,84,0
3259,22238,479,84,0
48355,40182,237,84,0
48820,22238,480,84,0
16862,40182,238,84,0
12206,22238,481,84,0
43989,40182,239,84,0
59768,11278,1,84,0
58023,22238,482,84,0
462,40182,240,84,0
37234,11278,2,84,0
32926,22238,483,84,0
2758,40182,241,84,0
8300,11278,3,84,0
9623,22238,484,84,0
63933,40182,242,84,0
48227,11278,4,84,0
47503,22238,485,84,0
38071,40182,243,84,0
42589,11278,5,84,0
25479,22238,486,84,0
48559,40182,244,84,0
55893,11278,6,84,0
59518,22238,487,84,0
39337,40182,245,84,0
59213,11278,7,84,0
26742,22238,488,84,0
45219,40182,246,84,0
16710,11278,8,84,0
7279,22238,489,84,0
5275,40182,247,84,0
16957,11278,9,84,0
14955,22238,490,84,0
34196,40182,248,84,0
43572,11278,10,84,0
13668,22238,491,84,0
652,40182,249,84,0
42286,11278,11,84,0
65116,22238,492,84,0
4996,40182,250,84,0
9767,11278,12,84,0
16469,22238,493,84,0
7547,40182,251,84,0
29982,11278,13,84,0
17486,22238,494,84,0
54388,40182,252,84,0
57367,11278,14,84,0
28744,22238,495,84,0
31087,40182,253,84,0
56591,11278,15,84,0
6719,22238,496,84,0
11111,40182,254,84,0
61703,11278,16,84,0
63542,22238,497,84,0
350,40182,255,84,0
6400,11278,17,84,0
12846,22238,498,84,0
47957,40182,256,84,0
50936,11278,18,84,0
28709,22238,499,84,0
41036,40182,257,84,0
3571,11278,19,84,0
3868,22238,500,84,0
12868,40182,258,84,0
1003,11278,20,84,0
51733,22238,501,84,0
12603,40182,259,84,0
36835,11278,21,84,0
53773,22238,502,84,0
32050,40182,260,84,0
27355,11278,22,84,0
11270,22238,503,84,0
48683,40182,261,84,0
60371,11278,23,84,0
10493,22238,504,84,0
11810,40182,262,84,0
31436,11278,24,84,0
60150,22238,505,84,0
5659,40182,263,84,0
31172,11278,25,84,0
46062,22238,506,84,0
60945,40182,264,84,0
52668,11278,26,84,0
15847,22238,507,84,0
49928,40182,265,84,0
4533,11278,27,84,0
29662,22238,508,84,0
38143,40182,266,84,0
46511,11278,28,84,0
8921,22238,509,84,0
28149,40182,267,84,0
63654,11278,29,84,0
38097,22238,510,84,0
11759,40182,268,84,0
32929,11278,30,84,0
61131,22238,511,84,0
53223,40182,269,84,0
9113,11278,31,84,0
53699,22238,512,84,0
5857,40182,270,84,0
24210,11278,32,84,0
26044,22238,513,84,0
63703,40182,271,84,0
36745,11278,33,84,0
19894,22238,514,84,0
42704,40182,272,84,0
27523,11278,34,84,0
25006,22238,515,84,0
29640,40182,273,84,0
33914,11278,35,84,0
40614,22238,516,84,0
41154,40182,274,84,0
32884,11278,36,84,0
17822,22238,517,84,0
26297,40182,275,84,0
53358,11278,37,84,0
55958,22238,518,84,0
47792,40182,276,84,0
45927,11278,38,84,0
58767,22238,519,84,0
46249,40182,277,84,0
18530,11278,39,84,0
13962,22238,520,84,0
36001,40182,278,84,0
46938,11278,40,84,0
43907,22238,521,84,0
28826,40182,279,84,0
62801,11278,41,84,0
7551,22238,522,84,0
20884,40182,280,84,0
32842,11278,42,84,0
26486,22238,523,84,0
7310,40182,281,84,0
61764,11278,43,84,0
35184,22238,524,84,0
21639,40182,282,84,0
15675,11278,44,84,0
63852,22238,525,84,0
60548,40182,283,84,0
50482,11278,45,84,0
58979,22238,526,84,0
59006,40182,284,84,0
54315,11278,46,84,0
7259,22238,527,84,0
47992,40182,285,84,0
55330,11278,47,84,0
1618,22238,528,84,0
28018,40182,286,84,0
24090,11278,48,84,0
36682,22238,529,84,0
57962,40182,287,84,0
56593,11278,49,84,0
22853,22238,530,84,0
7013,40182,288,84,0
3083,11278,50,84,0
62268,22238,531,84,0
7519,40182,289,84,0
52487,11278,51,84,0
50230,22238,532,84,0
64598,40182,290,84,0
42753,11278,52,84,0
17454,22238,533,84,0
63821,40182,291,84,0
31739,11278,53,84,0
31272,22238,534,84,0
9542,40182,292,84,0
54515,11278,54,84,0
13601,22238,535,84,0
23613,40182,293,84,0
51693,11278,55,84,0
52762,22238,536,84,0
35892,40182,294,84,0
10215,11278,56,84,0
1813,22238,537,84,0
31789,40182,295,84,0
3552,11278,57,84,0
48398,22238,538,84,0
1061,40182,296,84,0
56790,11278,58,84,0
45829,22238,539,84,0
12573,40182,297,84,0
24526,11278,59,84,0
44542,22238,540,84,0
50967,40182,298,84,0
38342,11278,60,84,0
15350,22238,541,84,0
2832,40182,299,84,0
11456,11278,61,84,0
52464,22238,542,84,0
35590,40182,300,84,0
43193,11278,62,84,0
12270,22238,543,84,0
33279,40182,301,84,0
5810,11278,63,84,0
3049,22238,544,84,0
17144,40182,302,84,0
11179,11278,64,84,0
37087,22238,545,84,0
12783,40182,303,84,0
22436,11278,65,84,0
63959,22238,546,84,0
20456,40182,304,84,0
59804,11278,66,84,0
50383,22238,547,84,0
13792,40182,305,84,0
45972,11278,67,84,0
57032,22238,548,84,0
6873,40182,306,84,0
20109,11278,68,84,0
14786,22238,549,84,0
46546,40182,307,84,0
30598,11278,69,84,0
42426,22238,550,84,0
60362,40182,308,84,0
32125,11278,70,84,0
33203,22238,551,84,0
6084,40182,309,84,0
61302,11278,71,84,0
61610,22238,552,84,0
41405,40182,310,84,0
64367,11278,72,84,0
57509,22238,553,84,0
51892,40182,311,84,0
65382,11278,73,84,0
58781,22238,554,84,0
17325,40182,312,84,0
3934,11278,74,84,0
38038,22238,555,84,0
423,40182,313,84,0
13399,11278,75,84,0
12433,22238,556,84,0
60064,40182,314,84,0
14927,11278,76,84,0
18056,22238,557,84,0
31641,40182,315,84,0
35399,11278,77,84,0
42370,22238,558,84,0
65167,40182,316,84,0
50753,11278,78,84,0
6777,22238,559,84,0
47753,40182,317,84,0
47419,11278,79,84,0
19313,22238,560,84,0
14722,40182,318,84,0
34355,11278,80,84,0
34922,22238,561,84,0
65147,40182,319,84,0
48429,11278,81,84,0
49505,22238,562,84,0
2678,40182,320,84,0
29479,11278,82,84,0
50009,22238,563,84,0
29294,40182,321,84,0
22047,11278,83,84,0
57171,22238,564,84,0
21608,40182,322,84,0
26395,11278,84,84,0
38989,22238,565,84,0
22112,40182,323,84,0
33554,11278,85,84,0
15946,22238,566,84,0
56919,40182,324,84,0
2058,11278,86,84,0
49219,22238,567,84,0
1104,40182,325,84,0
22017,11278,87,84,0
55101,22238,568,84,0
22601,40182,326,84,0
2040,11278,88,84,0
25140,22238,569,84,0
40768,40182,327,84,0
3569,11278,89,84,0
10797,22238,570,84,0
20281,40182,328,84,0
12522,11278,90,84,0
53027,22238,571,84,0
61746,40182,329,84,0
3043,11278,91,84,0
10526,22238,572,84,0
47658,40182,330,84,0
20955,11278,92,84,0
6678,22238,573,84,0
40997,40182,331,84,0
35027,11278,93,84,0
38927,22238,574,84,0
17438,40182,332,84,0
10956,11278,94,84,0
28423,22238,575,84,0
23317,40182,333,84,0
35780,11278,95,84,0
30721,22238,576,84,0
21263,40182,334,84,0
10942,11278,96,84,0
42747,22238,577,84,0
16902,40182,335,84,0
41653,11278,97,84,0
57330,22238,578,84,0
22272,40182,336,84,0
60591,11278,98,84,0
35818,22238,579,84,0
19447,40182,337,84,0
39849,11278,99,84,0
22497,22238,580,84,0
13806,40182,338,84,0
39585,11278,100,84,0
22745,22238,581,84,0
9444,40182,339,84,0
22681,11278,101,84,0
58322,22238,582,84,0
7132,40182,340,84,0
38801,11278,102,84,0
52236,22238,583,84,0
10708,40182,341,84,0
23691,11278,103,84,0
9732,22238,584,84,0
10188,40182,342,84,0
11907,11278,104,84,0
55037,22238,585,84,0
20422,40182,343,84,0
64380,11278,105,84,0
59894,22238,586,84,0
38334,40182,344,84,0
51060,11278,106,84,0
751,22238,587,84,0
28855,40182,345,84,0
19309,11278,107,84,0
11497,22238,588,84,0
35759,40182,346,84,0
50790,11278,108,84,0
19171,22238,589,84,0
48550,40182,347,84,0
40542,11278,109,84,0
51165,22238,590,84,0
28576,40182,348,84,0
59990,11278,110,84,0
51925,22238,591,84,0
15258,40182,349,84,0
16463,11278,111,84,0
28620,22238,592,84,0
32659,40182,350,84,0
60744,11278,112,84,0
19140,22238,593,84,0
33164,40182,351,84,0
34626,11278,113,84,0
31164,22238,594,84,0
901,40182,352,84,0
12601,11278,114,84,0
30133,22238,595,84,0
13692,40182,353,84,0
37681,11278,115,84,0
53420,22238,596,84,0
6008,40182,354,84,0
46121,11278,116,84,0
4262,22238,597,84,0
52335,40182,355,84,0
44833,11278,117,84,0
52892,22238,598,84,0
24169,40182,356,84,0
36889,11278,118,84,0
58773,22238,599,84,0
25955,40182,357,84,0
28948,11278,119,84,0
64909,22238,600,84,0
62301,40182,358,84,0
42763,11278,120,84,0
10376,22238,601,84,0
19796,40182,359,84,0
58627,11278,121,84,0
59265,22238,602,84,0
27726,40182,360,84,0
9214,11278,122,84,0
52601,22238,603,84,0
29508,40182,361,84,0
28920,11278,123,84,0
26995,22238,604,84,0
23612,40182,362,84,0
7410,11278,124,84,0
40557,22238,605,84,0
52789,40182,363,84,0
25322,11278,125,84,0
50532,22238,606,84,0
2864,40182,364,84,0
26852,11278,126,84,0
15708,22238,607,84,0
39977,40182,365,84,0
30685,11278,127,84,0
11861,22238,608,84,0
55073,40182,366,84,0
30934,11278,128,84,0
56908,22238,609,84,0
49176,40182,367,84,0
43727,11278,129,84,0
29510,22238,610,84,0
13841,40182,368,84,0
17354,11278,130,84,0
53822,22238,611,84,0
12810,40182,369,84,0
38849,11278,131,84,0
34359,22238,612,84,0
54786,40182,370,84,0
3769,11278,132,84,0
3121,22238,613,84,0
6396,40182,371,84,0
12465,11278,133,84,0
10792,22238,614,84,0
4084,40182,372,84,0
53675,11278,134,84,0
290,22238,615,84,0
60139,40182,373,84,0
27810,11278,135,84,0
40219,22238,616,84,0
53732,40182,374,84,0
37786,11278,136,84,0
49685,22238,617,84,0
52700,40182,375,84,0
19858,11278,137,84,0
17423,22238,618,84,0
17621,40182,376,84,0
22922,11278,138,84,0
32006,22238,619,84,0
62924,40182,377,84,0
36227,11278,139,84,0
62207,22238,620,84,0
24007,40182,378,84,0
23419,11278,140,84,0
9976,22238,621,84,0
18625,40182,379,84,0
9588,11278,141,84,0
49134,22238,622,84,0
6584,40182,380,84,0
35948,11278,142,84,0
25318,22238,623,84,0
41136,40182,381,84,0
40040,11278,143,84,0
14051,22238,624,84,0
11946,40182,382,84,0
14688,11278,144,84,0
28890,22238,625,84,0
5796,40182,383,84,0
3416,11278,145,84,0
19924,22238,626,84,0
59548,40182,384,84,0
33169,11278,146,84,0
31692,22238,627,84,0
39062,40182,385,84,0
27016,11278,147,84,0
49862,22238,628,84,0
12176,40182,386,84,0
32897,11278,148,84,0
16582,22238,629,84,0
391,40182,387,84,0
61306,11278,149,84,0
57023,22238,630,84,0
35710,40182,388,84,0
62065,11278,150,84,0
8122,22238,631,84,0
53111,40182,389,84,0
18282,11278,151,84,0
55732,22238,632,84,0
60529,40182,390,84,0
9569,11278,152,84,0
56747,22238,633,84,0
53354,40182,391,84,0
30809,11278,153,84,0
62882,22238,634,84,0
22116,40182,392,84,0
33361,11278,154,84,0
62108,22238,635,84,0
3675,40182,393,84,0
18251,11278,155,84,0
16534,22238,636,84,0
12117,40182,394,84,0
33602,11278,156,84,0
38029,22238,637,84,0
77,40182,395,84,0
22586,11278,157,84,0
59013,22238,638,84,0
53830,40182,396,84,0
44337,11278,158,84,0
21375,22238,639,84,0
58943,40182,397,84,0
5931,11278,159,84,0
10614,22238,640,84,0
13880,40182,398,84,0
63008,11278,160,84,0
53357,22238,641,84,0
47920,40182,399,84,0
53274,11278,161,84,0
20325,22238,642,84,0
6185,40182,400,84,0
15891,11278,162,84,0
5212,22238,643,84,0
13859,40182,401,84,0
53003,11278,163,84,0
48216,22238,644,84,0
20252,40182,402,84,0
12546,11278,164,84,0
2386,22238,645,84,0
45334,40182,403,84,0
52985,11278,165,84,0
48204,22238,646,84,0
40719,40182,404,84,0
32755,11278,166,84,0
57158,22238,647,84,0
22537,40182,405,84,0
6381,11278,167,84,0
65343,22238,648,84,0
65024,40182,406,84,0
3815,11278,168,84,0
55350,22238,649,84,0
55544,40182,407,84,0
49119,11278,169,84,0
34606,22238,650,84,0
23279,40182,408,84,0
51416,11278,170,84,0
55077,22238,651,84,0
41705,40182,409,84,0
60111,11278,171,84,0
31007,22238,652,84,0
5859,40182,410,84,0
4552,11278,172,84,0
281,22238,653,84,0
36057,40182,411,84,0
27586,11278,173,84,0
23057,22238,654,84,0
29907,40182,412,84,0
60601,11278,174,84,0
265,22238,655,84,0
9674,40182,413,84,0
23729,11278,175,84,0
56832,22238,656,84,0
51138,40182,414,84,0
5034,11278,176,84,0
13562,22238,657,84,0
53179,40182,415,84,0
45730,11278,177,84,0
25330,22238,658,84,0
32435,40182,416,84,0
24475,11278,178,84,0
40940,22238,659,84,0
32685,40182,417,84,0
40083,11278,179,84,0
1001,22238,660,84,0
16040,40182,418,84,0
18316,11278,180,84,0
39906,22238,661,84,0
45729,40182,419,84,0
14468,11278,181,84,0
4315,22238,662,84,0
7322,40182,420,84,0
33404,11278,182,84,0
44247,22238,663,84,0
2707,40182,421,84,0
3958,11278,183,84,0
62158,22238,664,84,0
22158,40182,422,84,0
3696,11278,184,84,0
31689,22238,665,84,0
60805,40182,423,84,0
17255,11278,185,84,0
17089,22238,666,84,0
20863,40182,424,84,0
29279,11278,186,84,0
957,22238,667,84,0
21880,40182,425,84,0
54870,11278,187,84,0
47030,22238,668,84,0
63344,40182,426,84,0
21582,11278,188,84,0
14510,22238,669,84,0
29289,40182,427,84,0
26439,11278,189,84,0
11941,22238,670,84,0
45667,40182,428,84,0
11839,11278,190,84,0
25504,22238,671,84,0
37211,40182,429,84,0
31032,11278,191,84,0
41887,22238,672,84,0
29266,40182,430,84,0
41009,11278,192,84,0
52119,22238,673,84,0
24906,40182,431,84,0
19498,11278,193,84,0
23952,22238,674,84,0
62529,40182,432,84,0
43557,11278,194,84,0
21131,22238,675,84,0
7481,40182,433,84,0
8224,11278,195,84,0
21126,22238,676,84,0
306,40182,434,84,0
50455,11278,196,84,0
9602,22238,677,84,0
4137,40182,435,84,0
35342,11278,197,84,0
16250,22238,678,84,0
54304,40182,436,84,0
31497,11278,198,84,0
20086,22238,679,84,0
535,40182,437,84,0
20994,11278,199,84,0
39279,22238,680,84,0
7952,40182,438,84,0
36603,11278,200,84,0
15206,22238,681,84,0
14089,40182,439,84,0
3573,11278,201,84,0
57694,22238,682,84,0
20738,40182,440,84,0
27372,11278,202,84,0
58970,22238,683,84,0
11003,40182,441,84,0
24294,11278,203,84,0
52820,22238,684,84,0
57332,40182,442,84,0
32736,11278,204,84,0
334,22238,685,84,0
40684,40182,443,84,0
5080,11278,205,84,0
33610,22238,686,84,0
14053,40182,444,84,0
2001,11278,206,84,0
11077,22238,687,84,0
32990,40182,445,84,0
46281,11278,207,84,0
44095,22238,688,84,0
8662,40182,446,84,0
4292,11278,208,84,0
61494,22238,689,84,0
50127,40182,447,84,0
59580,11278,209,84,0
25908,22238,690,84,0
11721,40182,448,84,0
55477,11278,210,84,0
63787,22238,691,84,0
39616,40182,449,84,0
3501,11278,211,84,0
13865,22238,692,84,0
10680,40182,450,84,0
29096,11278,212,84,0
27174,22238,693,84,0
14255,40182,451,84,0
10402,11278,213,84,0
44317,22238,694,84,0
18598,40182,452,84,0
48543,11278,214,84,0
18202,22238,695,84,0
32925,40182,453,84,0
46745,11278,215,84,0
62231,22238,696,84,0
52373,40182,454,84,0
2706,11278,216,84,0
20495,22238,697,84,0
8848,40182,455,84,0
36748,11278,217,84,0
57867,22238,698,84,0
64647,40182,456,84,0
29827,11278,218,84,0
22531,22238,699,84,0
52352,40182,457,84,0
24187,11278,219,84,0
45568,22238,700,84,0
41593,40182,458,84,0
47220,11278,220,84,0
9466,22238,701,84,0
31603,40182,459,84,0
38766,11278,221,84,0
18678,22238,702,84,0
63081,40182,460,84,0
43623,11278,222,84,0
40688,22238,703,84,0
53091,40182,461,84,0
1890,11278,223,84,0
8424,22238,704,84,0
59228,40182,462,84,0
31321,11278,224,84,0
57574,22238,705,84,0
62041,40182,463,84,0
6740,11278,225,84,0
50909,22238,706,84,0
27985,40182,464,84,0
49739,11278,226,84,0
11224,22238,707,84,0
56393,40182,465,84,0
36931,11278,227,84,0
43989,22238,708,84,0
17732,40182,466,84,0
18235,11278,228,84,0
48594,22238,709,84,0
65082,40182,467,84,0
29492,11278,229,84,0
61137,22238,710,84,0
37169,40182,468,84,0
46891,11278,230,84,0
12493,22238,711,84,0
5930,40182,469,84,0
63522,11278,231,84,0
65228,22238,712,84,0
42787,40182,470,84,0
64282,11278,232,84,0
34759,22238,713,84,0
21790,40182,471,84,0
23316,11278,233,84,0
57284,22238,714,84,0
47896,40182,472,84,0
17421,11278,234,84,0
46528,22238,715,84,0
6162,40182,473,84,0
42246,11278,235,84,0
8892,22238,716,84,0
7433,40182,474,84,0
39424,11278,236,84,0
14519,22238,717,84,0
64257,40182,475,84,0
63737,11278,237,84,0
3506,22238,718,84,0
18424,40182,476,84,0
48627,11278,238,84,0
6573,22238,719,84,0
34801,40182,477,84,0
45550,11278,239,84,0
47782,22238,720,84,0
50410,40182,478,84,0
53992,11278,240,84,0
25508,22238,721,84,0
58081,40182,479,84,0
27616,11278,241,84,0
62625,22238,722,84,0
61656,40182,480,84,0
59862,11278,242,84,0
50077,22238,723,84,0
19661,29664,1,84,0
44242,40182,481,84,0
13265,11278,243,84,0
36250,22238,724,84,0
38340,29664,2,84,0
42700,40182,482,84,0
57801,11278,244,84,0
26770,22238,725,84,0
49853,29664,3,84,0
61125,40182,483,84,0
52928,11278,245,84,0
5002,22238,726,84,0
47541,29664,4,84,0
57791,40182,484,84,0
36283,11278,246,84,0
3719,22238,727,84,0
23213,29664,5,84,0
37815,40182,485,84,0
17332,11278,247,84,0
26500,22238,728,84,0
49063,29664,6,84,0
62639,40182,486,84,0
54189,11278,248,84,0
28801,22238,729,84,0
55200,29664,7,84,0
16295,40182,487,84,0
57764,11278,249,84,0
15487,22238,730,84,0
61080,29664,8,84,0
49568,40182,488,84,0
37280,11278,250,84,0
35706,22238,731,84,0
60818,29664,9,84,0
12955,40182,489,84,0
19096,11278,251,84,0
41845,22238,732,84,0
3468,29664,10,84,0
60308,40182,490,84,0
2450,11278,252,84,0
49009,22238,733,84,0
902,29664,11,84,0
22927,40182,491,84,0
30092,11278,253,84,0
15982,22238,734,84,0
47740,29664,12,84,0
49286,40182,492,84,0
24196,11278,254,84,0
28010,22238,735,84,0
24692,29664,13,84,0
21377,40182,493,84,0
34685,11278,255,84,0
32359,22238,736,84,0
49262,29664,14,84,0
52600,40182,494,84,0
4470,11278,256,84,0
25954,22238,737,84,0
3687,29664,15,84,0
55408,40182,495,84,0
52590,11278,257,84,0
46687,22238,738,84,0
49502,29664,16,84,0
18793,40182,496,84,0
18024,11278,258,84,0
51547,22238,739,84,0
41558,29664,17,84,0
4195,40182,497,84,0
50018,11278,259,84,0
39251,22238,740,84,0
50254,29664,18,84,0
33117,40182,498,84,0
62298,11278,260,84,0
2636,22238,741,84,0
26437,29664,19,84,0
35925,40182,499,84,0
17495,11278,261,84,0
58437,22238,742,84,0
55871,29664,20,84,0
47439,40182,500,84,0
55630,11278,262,84,0
32576,22238,743,84,0
12599,29664,21,84,0
2376,40182,501,84,0
27207,11278,263,84,0
60471,22238,744,84,0
53549,29664,22,84,0
58688,40182,502,84,0
14912,11278,264,84,0
33582,22238,745,84,0
50212,29664,23,84,0
20797,40182,503,84,0
6202,11278,265,84,0
21288,22238,746,84,0
39964,29664,24,84,0
25910,40182,504,84,0
39732,11278,266,84,0
11040,22238,747,84,0
55060,29664,25,84,0
64048,40182,505,84,0
11310,11278,267,84,0
22297,22238,748,84,0
49678,29664,26,84,0
27688,40182,506,84,0
13606,11278,268,84,0
46353,22238,749,84,0
61445,29664,27,84,0
44831,40182,507,84,0
36389,11278,269,84,0
6409,22238,750,84,0
22783,29664,28,84,0
21272,40182,508,84,0
41759,11278,270,84,0
3842,22238,751,84,0
10232,29664,29,84,0
4884,40182,509,84,0
7959,11278,271,84,0
65274,22238,752,84,0
10994,29664,30,84,0
22796,40182,510,84,0
46865,11278,272,84,0
18419,22238,753,84,0
20716,29664,31,84,0
11526,40182,511,84,0
16393,11278,273,84,0
7661,22238,754,84,0
17125,29664,32,84,0
33533,40182,512,84,0
40194,11278,274,84,0
37093,22238,755,84,0
63196,29664,33,84,0
4596,40182,513,84,0
49148,11278,275,84,0
37344,22238,756,84,0
61910,29664,34,84,0
41453,40182,514,84,0
7669,11278,276,84,0
34007,22238,757,84,0
34513,29664,35,84,0
54247,40182,515,84,0
28140,11278,277,84,0
47055,22238,758,84,0
29385,29664,36,84,0
29412,40182,516,84,0
6628,11278,278,84,0
34504,22238,759,84,0
63681,29664,37,84,0
32733,40182,517,84,0
14302,11278,279,84,0
20929,22238,760,84,0
41147,29664,38,84,0
34516,40182,518,84,0
6615,11278,280,84,0
22970,22238,761,84,0
20662,29664,39,84,0
18124,40182,519,84,0
60111,11278,281,84,0
39860,22238,762,84,0
7344,29664,40,84,0
35781,40182,520,84,0
10183,11278,282,84,0
30383,22238,763,84,0
29351,29664,41,84,0
26818,40182,521,84,0
10686,11278,283,84,0
21408,29664,42,84,0
38841,40182,522,84,0
6326,11278,284,84,0
59807,22238,765,84,0
34201,29664,43,84,0
65462,40182,523,84,0
61617,11278,285,84,0
56473,22238,766,84,0
28051,29664,44,84,0
18094,40182,524,84,0
57769,11278,286,84,0
61073,22238,767,84,0
39053,29664,45,84,0
43941,40182,525,84,0
40100,11278,287,84,0
29324,22238,768,84,0
5253,29664,46,84,0
39325,40182,526,84,0
61084,11278,288,84,0
60036,22238,769,84,0
9853,29664,47,84,0
33430,40182,527,84,0
59798,11278,289,84,0
50299,22238,770,84,0
14454,29664,48,84,0
1167,40182,528,84,0
47504,11278,290,84,0
50034,22238,771,84,0
56432,29664,49,84,0
32138,40182,529,84,0
43402,11278,291,84,0
51564,22238,772,84,0
50026,29664,50,84,0
36740,40182,530,84,0
16516,11278,292,84,0
29283,22238,773,84,0
40035,29664,51,84,0
1153,40182,531,84,0
22908,11278,293,84,0
10587,22238,774,84,0
60251,29664,52,84,0
41594,40182,532,84,0
23419,11278,294,84,0
9044,22238,775,84,0
53333,29664,53,84,0
47475,40182,533,84,0
30580,11278,295,84,0
28237,22238,776,84,0
58188,29664,54,84,0
54384,40182,534,84,0
43884,11278,296,84,0
29510,22238,777,84,0
42054,29664,55,84,0
23918,40182,535,84,0
57700,11278,297,84,0
8000,22238,778,84,0
24893,29664,56,84,0
36459,40182,536,84,0
48988,11278,298,84,0
27191,22238,779,84,0
59702,29664,57,84,0
43106,40182,537,84,0
29269,11278,299,84,0
2098,22238,780,84,0
16944,29664,58,84,0
19548,40182,538,84,0
76,11278,300,84,0
43048,22238,781,84,0
65064,29664,59,84,0
21850,40182,539,84,0
23622,11278,301,84,0
39456,22238,782,84,0
38945,29664,60,84,0
31574,40182,540,84,0
20548,11278,302,84,0
42519,22238,783,84,0
10520,29664,61,84,0
59468,40182,541,84,0
47681,11278,303,84,0
39440,22238,784,84,0
53263,29664,62,84,0
57414,40182,542,84,0
35899,11278,304,84,0
63244,22238,785,84,0
62726,29664,63,84,0
25925,40182,543,84,0
58937,11278,305,84,0
64773,22238,786,84,0
19713,29664,64,84,0
30015,40182,544,84,0
11057,11278,306,84,0
7679,22238,787,84,0
50682,29664,65,84,0
42044,40182,545,84,0
34090,11278,307,84,0
38647,22238,788,84,0
48884,29664,66,84,0
56884,40182,546,84,0
12323,11278,308,84,0
64494,22238,789,84,0
494,29664,67,84,0
40498,40182,547,84,0
46363,11278,309,84,0
12518,22238,790,84,0
44262,29664,68,84,0
10795,40182,548,84,0
15381,11278,310,84,0
58846,22238,791,84,0
20702,29664,69,84,0
64550,40182,549,84,0
47886,11278,311,84,0
51415,22238,792,84,0
3544,29664,70,84,0
17188,40182,550,84,0
62982,11278,312,84,0
44752,22238,793,84,0
47567,29664,71,84,0
47649,40182,551,84,0
50944,11278,313,84,0
26570,22238,794,84,0
24775,29664,72,84,0
48927,40182,552,84,0
37879,11278,314,84,0
34241,22238,795,84,0
33217,29664,73,84,0
9241,40182,553,84,0
33264,11278,315,84,0
17338,22238,796,84,0
54200,29664,74,84,0
46609,40182,554,84,0
64493,11278,316,84,0
51632,22238,797,84,0
11440,29664,75,84,0
37387,40182,555,84,0
65509,11278,317,84,0
9128,22238,798,84,0
16040,29664,76,84,0
38405,40182,556,84,0
11999,11278,318,84,0
51103,22238,799,84,0
34465,29664,77,84,0
59133,40182,557,84,0
57303,11278,319,84,0
919,22238,800,84,0
21914,29664,78,84,0
53499,40182,558,84,0
62933,11278,320,84,0
18576,22238,801,84,0
15249,29664,79,84,0
58355,40182,559,84,0
46033,11278,321,84,0
393,22238,802,84,0
20874,29664,80,84,0
18161,40182,560,84,0
58826,11278,322,84,0
31619,22238,803,84,0
51329,29664,81,84,0
43499,40182,561,84,0
18372,11278,323,84,0
28285,22238,804,84,0
33147,29664,82,84,0
39141,40182,562,84,0
16066,11278,324,84,0
32884,22238,805,84,0
61555,29664,83,84,0
65507,40182,563,84,0
50110,11278,325,84,0
63083,22238,806,84,0
59501,29664,84,84,0
37086,40182,564,84,0
4024,11278,326,84,0
37475,22238,807,84,0
58983,29664,85,84,0
2013,40182,565,84,0
54704,11278,327,84,0
10843,22238,808,84,0
46685,29664,86,84,0
45013,40182,566,84,0
19629,11278,328,84,0
54868,22238,809,84,0
9813,29664,87,84,0
10449,40182,567,84,0
12969,11278,329,84,0
49740,22238,810,84,0
2125,29664,88,84,0
19665,40182,568,84,0
17060,11278,330,84,0
30277,22238,811,84,0
39491,29664,89,84,0
49355,40182,569,84,0
5537,11278,331,84,0
9790,22238,812,84,0
65082,29664,90,84,0
11465,40182,570,84,0
48279,11278,332,84,0
59958,22238,813,84,0
34866,29664,91,84,0
53444,40182,571,84,0
2964,11278,333,84,0
27439,22238,814,84,0
33836,29664,92,84,0
31938,40182,572,84,0
14990,11278,334,84,0
51494,22238,815,84,0
7717,29664,93,84,0
13501,40182,573,84,0
24715,11278,335,84,0
32544,22238,816,84,0
61982,29664,94,84,0
27321,40182,574,84,0
5257,11278,336,84,0
38681,22238,817,84,0
14358,29664,95,84,0
65201,40182,575,84,0
17030,11278,337,84,0
46609,22238,818,84,0
35598,29664,96,84,0
26282,40182,576,84,0
8323,11278,338,84,0
34056,22238,819,84,0
55045,29664,97,84,0
52389,40182,577,84,0
43649,11278,339,84,0
1793,22238,820,84,0
33792,29664,98,84,0
11680,40182,578,84,0
38266,11278,340,84,0
52984,22238,821,84,0
2554,29664,99,84,0
3995,40182,579,84,0
27766,11278,341,84,0
56817,22238,822,84,0
3060,29664,100,84,0
13209,40182,580,84,0
5491,11278,342,84,0
50411,22238,823,84,0
11502,29664,101,84,0
6294,40182,581,84,0
47214,11278,343,84,0
53989,22238,824,84,0
31973,29664,102,84,0
48525,40182,582,84,0
31597,11278,344,84,0
5343,22238,825,84,0
51676,29664,103,84,0
59531,40182,583,84,0
63337,11278,345,84,0
49622,22238,826,84,0
39635,29664,104,84,0
35720,40182,584,84,0
57959,11278,346,84,0
45262,22238,827,84,0
28366,29664,105,84,0
63621,40182,585,84,0
45666,11278,347,84,0
57287,22238,828,84,0
63429,29664,106,84,0
47746,40182,586,84,0
24670,11278,348,84,0
29377,22238,829,84,0
53180,29664,107,84,0
28285,40182,587,84,0
60763,11278,349,84,0
10169,22238,830,84,0
15029,29664,108,84,0
18556,40182,588,84,0
8023,11278,350,84,0
12976,22238,831,84,0
35245,29664,109,84,0
50808,40182,589,84,0
11857,11278,351,84,0
43431,22238,832,84,0
53156,29664,110,84,0
24694,40182,590,84,0
22863,11278,352,84,0
14239,22238,833,84,0
29085,29664,111,84,0
47219,40182,591,84,0
10571,11278,353,84,0
5526,22238,834,84,0
41108,29664,112,84,0
29809,40182,592,84,0
63815,11278,354,84,0
1422,22238,835,84,0
64141,29664,113,84,0
37484,40182,593,84,0
45377,11278,355,84,0
38789,22238,836,84,0
13190,29664,114,84,0
46185,40182,594,84,0
27705,11278,356,84,0
4992,22238,837,84,0
1661,29664,115,84,0
60518,40182,595,84,0
36144,11278,357,84,0
35192,22238,838,84,0
32629,29664,116,84,0
40292,40182,596,84,0
6187,11278,358,84,0
46191,22238,839,84,0
2415,29664,117,84,0
16992,40182,597,84,0
35106,11278,359,84,0
40551,22238,840,84,0
26982,29664,118,84,0
8285,40182,598,84,0
15130,11278,360,84,0
62560,22238,841,84,0
16990,29664,119,84,0
46166,40182,599,84,0
63763,11278,361,84,0
11864,22238,842,84,0
345,29664,120,84,0
15950,40182,600,84,0
43787,11278,362,84,0
55887,22238,843,84,0
43343,29664,121,84,0
41029,40182,601,84,0
45315,11278,363,84,0
18248,22238,844,84,0
18503,29664,122,84,0
54078,40182,602,84,0
18939,11278,364,84,0
54080,22238,845,84,0
11838,29664,123,84,0
62261,40182,603,84,0
15859,11278,365,84,0
32313,22238,846,84,0
14904,29664,124,84,0
36654,40182,604,84,0
47850,11278,366,84,0
14386,22238,847,84,0
57648,29664,125,84,0
29737,40182,605,84,0
15074,11278,367,84,0
34604,22238,848,84,0
554,29664,126,84,0
23328,40182,606,84,0
5593,11278,368,84,0
51748,22238,849,84,0
22562,29664,127,84,0
59416,40182,607,84,0
56529,11278,369,84,0
10783,22238,850,84,0
21785,29664,128,84,0
43536,40182,608,84,0
35272,11278,370,84,0
16408,22238,851,84,0
50962,29664,129,84,0
49414,40182,609,84,0
49345,11278,371,84,0
23572,22238,852,84,0
39946,29664,130,84,0
33279,40182,610,84,0
5307,11278,372,84,0
2828,22238,853,84,0
45824,29664,131,84,0
35832,40182,611,84,0
28084,11278,373,84,0
52995,22238,854,84,0
21496,29664,132,84,0
50415,40182,612,84,0
38828,11278,374,84,0
1019,22238,855,84,0
50162,29664,133,84,0
52199,40182,613,84,0
26790,11278,375,84,0
38898,22238,856,84,0
39914,29664,134,84,0
14560,40182,614,84,0
38560,11278,376,84,0
45033,22238,857,84,0
21731,29664,135,84,0
20184,40182,615,84,0
49048,11278,377,84,0
7907,22238,858,84,0
49117,29664,136,84,0
18639,40182,616,84,0
41359,11278,378,84,0
11226,22238,859,84,0
61909,29664,137,84,0
6343,40182,617,84,0
649,11278,379,84,0
64212,22238,860,84,0
26576,29664,138,84,0
15554,40182,618,84,0
7809,11278,380,84,0
20943,22238,861,84,0
2248,29664,139,84,0
24249,40182,619,84,0
4221,11278,381,84,0
17864,22238,862,84,0
60350,29664,140,84,0
20403,40182,620,84,0
29047,11278,382,84,0
52928,22238,863,84,0
16567,29664,141,84,0
43690,40182,621,84,0
30063,11278,383,84,0
4283,22238,864,84,0
3501,29664,142,84,0
44964,40182,622,84,0
53351,11278,384,84,0
64690,22238,865,84,0
50854,29664,143,84,0
1694,40182,623,84,0
24927,11278,385,84,0
14509,22238,866,84,0
64157,29664,144,84,0
31893,40182,624,84,0
5206,11278,386,84,0
45732,22238,867,84,0
19093,29664,145,84,0
47758,40182,625,84,0
16976,11278,387,84,0
5276,22238,868,84,0
30604,29664,146,84,0
18823,40182,626,84,0
63305,11278,388,84,0
3219,22238,869,84,0
55685,29664,147,84,0
33921,40182,627,84,0
322,11278,389,84,0
41355,22238,870,84,0
55933,29664,148,84,0
29818,40182,628,84,0
63545,11278,390,84,0
3974,22238,871,84,0
39284,29664,149,84,0
24178,40182,629,84,0
39727,11278,391,84,0
7294,22238,872,84,0
49516,29664,150,84,0
60520,40182,630,84,0
64039,11278,392,84,0
11895,22238,873,84,0
57443,29664,151,84,0
49248,40182,631,84,0
6175,11278,393,84,0
16497,22238,874,84,0
46683,29664,152,84,0
9304,40182,632,84,0
3866,11278,394,84,0
43112,22238,875,84,0
51028,29664,153,84,0
7503,40182,633,84,0
37648,11278,395,84,0
55137,22238,876,84,0
45390,29664,154,84,0
24136,40182,634,84,0
20233,11278,396,84,0
59480,22238,877,84,0
13894,29664,155,84,0
833,40182,635,84,0
33539,11278,397,84,0
14418,22238,878,84,0
27965,29664,156,84,0
27703,40182,636,84,0
46074,11278,398,84,0
24137,22238,879,84,0
27446,29664,157,84,0
27696,40182,637,84,0
30707,11278,399,84,0
60227,22238,880,84,0
3118,29664,158,84,0
16168,40182,638,84,0
2794,11278,400,84,0
41020,22238,881,84,0
5158,29664,159,84,0
34080,40182,639,84,0
56289,11278,401,84,0
45878,22238,882,84,0
34845,29664,160,84,0
21016,40182,640,84,0
47323,11278,402,84,0
41518,22238,883,84,0
60950,29664,161,84,0
14610,40182,641,84,0
65234,11278,403,84,0
5926,22238,884,84,0
35342,29664,162,84,0
27915,40182,642,84,0
2251,11278,404,84,0
56093,22238,885,84,0
8,29664,163,84,0
19971,40182,643,84,0
22213,11278,405,84,0
35863,22238,886,84,0
58111,29664,164,84,0
27642,40182,644,84,0
12223,11278,406,84,0
41743,22238,887,84,0
44535,29664,165,84,0
61681,40182,645,84,0
37817,11278,407,84,0
21000,22238,888,84,0
60142,29664,166,84,0
36330,40182,646,84,0
22963,11278,408,84,0
59394,22238,889,84,0
35048,29664,167,84,0
58849,40182,647,84,0
36523,11278,409,84,0
31740,22238,890,84,0
61153,29664,168,84,0
46042,40182,648,84,0
13731,11278,410,84,0
13302,22238,891,84,0
21723,29664,169,84,0
9684,40182,649,84,0
61081,11278,411,84,0
27120,22238,892,84,0
24277,29664,170,84,0
23499,40182,650,84,0
48272,11278,412,84,0
36328,22238,893,84,0
11726,29664,171,84,0
39878,40182,651,84,0
49546,11278,413,84,0
48353,22238,894,84,0
30148,29664,172,84,0
2750,40182,652,84,0
19845,11278,414,84,0
6362,22238,895,84,0
32956,29664,173,84,0
31928,40182,653,84,0
38016,11278,415,84,0
53714,22238,896,84,0
10419,29664,174,84,0
9394,40182,654,84,0
1400,11278,416,84,0
3275,22238,897,84,0
48556,29664,175,84,0
53674,40182,655,84,0
45937,11278,417,84,0
16581,22238,898,84,0
64933,29664,176,84,0
37283,40182,656,84,0
52330,11278,418,84,0
18876,22238,899,84,0
28320,29664,177,84,0
31134,40182,657,84,0
42852,11278,419,84,0
25267,22238,900,84,0
36250,29664,178,84,0
52376,40182,658,84,0
11868,11278,420,84,0
2987,22238,901,84,0
46483,29664,179,84,0
7823,40182,659,84,0
34387,11278,421,84,0
37026,22238,902,84,0
18314,29664,180,84,0
18312,40182,660,84,0
62028,11278,422,84,0
48028,22238,903,84,0
10883,29664,181,84,0
29569,40182,661,84,0
18247,11278,423,84,0
27798,22238,904,84,0
55164,29664,182,84,0
65147,40182,662,84,0
21567,11278,424,84,0
37773,22238,905,84,0
21620,29664,183,84,0
50804,40182,663,84,0
13110,11278,425,84,0
43140,22238,906,84,0
41835,29664,184,84,0
32875,40182,664,84,0
64813,11278,426,84,0
40061,22238,907,84,0
15205,29664,185,84,0
11107,40182,665,84,0
65319,11278,427,84,0
8312,22238,908,84,0
862,29664,186,84,0
5470,40182,666,84,0
16160,11278,428,84,0
18289,22238,909,84,0
50773,29664,187,84,0
18005,40182,667,84,0
64536,11278,429,84,0
55402,22238,910,84,0
56652,29664,188,84,0
35662,40182,668,84,0
47122,11278,430,84,0
17250,22238,911,84,0
9540,29664,189,84,0
60743,40182,669,84,0
22793,11278,431,84,0
11100,22238,912,84,0
55099,29664,190,84,0
20801,40182,670,84,0
39425,11278,432,84,0
22613,22238,913,84,0
49459,29664,191,84,0
56634,40182,671,84,0
36603,11278,433,84,0
20559,22238,914,84,0
40750,29664,192,84,0
14642,40182,672,84,0
29939,11278,434,84,0
63815,22238,915,84,0
65319,29664,193,84,0
53547,40182,673,84,0
62189,11278,435,84,0
45377,22238,916,84,0
12064,29664,194,84,0
64033,40182,674,84,0
59876,11278,436,84,0
26170,22238,917,84,0
16408,29664,195,84,0
15131,40182,675,84,0
55517,11278,437,84,0
38196,22238,918,84,0
3602,29664,196,84,0
43027,40182,676,84,0
19415,11278,438,84,0
56619,22238,919,84,0
6665,29664,197,84,0
25868,40182,677,84,0
64208,11278,439,84,0
14883,22238,920,84,0
43011,29664,198,84,0
30724,40182,678,84,0
38089,11278,440,84,0
27162,22238,921,84,0
10493,29664,199,84,0
4093,40182,679,84,0
41152,11278,441,84,0
31762,22238,922,84,0
57843,29664,200,84,0
52726,40182,680,84,0
32695,11278,442,84,0
2827,22238,923,84,0
36842,29664,201,84,0
39150,40182,681,84,0
42673,11278,443,84,0
64003,22238,924,84,0
1251,29664,202,84,0
2536,40182,682,84,0
38058,11278,444,84,0
10237,22238,925,84,0
33242,29664,203,84,0
44768,40182,683,84,0
21153,11278,445,84,0
39668,22238,926,84,0
33748,29664,204,84,0
22235,40182,684,84,0
1176,11278,446,84,0
16622,22238,927,84,0
1740,29664,205,84,0
55763,40182,685,84,0
13201,11278,447,84,0
19175,22238,928,84,0
43973,29664,206,84,0
10702,40182,686,84,0
27787,11278,448,84,0
58337,22238,929,84,0
27324,29664,207,84,0
12999,40182,687,84,0
38532,11278,449,84,0
25049,22238,930,84,0
57012,29664,208,84,0
30911,40182,688,84,0
48763,11278,450,84,0
58832,22238,931,84,0
17836,29664,209,84,0
22713,40182,689,84,0
27253,11278,451,84,0
15560,22238,932,84,0
27299,29664,210,84,0
27057,40182,690,84,0
39790,11278,452,84,0
46527,22238,933,84,0
51354,29664,211,84,0
56746,40182,691,84,0
28005,11278,453,84,0
27574,22238,934,84,0
34450,29664,212,84,0
10915,40182,692,84,0
3165,11278,454,84,0
59564,22238,935,84,0
47244,29664,213,84,0
33436,40182,693,84,0
58709,11278,455,84,0
33187,22238,936,84,0
65158,29664,214,84,0
22421,40182,694,84,0
52303,11278,456,84,0
56731,22238,937,84,0
31616,29664,215,84,0
26256,40182,695,84,0
27719,11278,457,84,0
36242,22238,938,84,0
20857,29664,216,84,0
62599,40182,696,84,0
38463,11278,458,84,0
15757,22238,939,84,0
55408,29664,217,84,0
12416,40182,697,84,0
34874,11278,459,84,0
18825,22238,940,84,0
365,29664,218,84,0
40567,40182,698,84,0
39985,11278,460,84,0
52865,22238,941,84,0
12390,29664,219,84,0
24688,40182,699,84,0
44,11278,461,84,0
13690,22238,942,84,0
50524,29664,220,84,0
58982,40182,700,84,0
10019,11278,462,84,0
30324,22238,943,84,0
54356,29664,221,84,0
50526,40182,701,84,0
22043,11278,463,84,0
21355,22238,944,84,0
3662,29664,222,84,0
4953,40182,702,84,0
48148,11278,464,84,0
25953,22238,945,84,0
53580,29664,223,84,0
28243,40182,703,84,0
269,11278,465,84,0
2904,22238,946,84,0
32324,29664,224,84,0
47946,40182,704,84,0
6916,11278,466,84,0
13136,22238,947,84,0
9021,29664,225,84,0
62018,40182,705,84,0
41214,11278,467,84,0
64071,22238,948,84,0
15159,29664,226,84,0
25146,40182,706,84,0
2038,11278,468,84,0
12098,22238,949,84,0
10293,29664,227,84,0
65072,40182,707,84,0
24559,11278,469,84,0
56632,22238,950,84,0
60719,29664,228,84,0
35114,40182,708,84,0
1258,11278,470,84,0
8242,22238,951,84,0
46886,29664,229,84,0
3363,40182,709,84,0
20194,11278,471,84,0
45610,22238,952,84,0
33823,29664,230,84,0
49434,40182,710,84,0
41692,11278,472,84,0
26147,22238,953,84,0
25625,29664,231,84,0
55059,40182,711,84,0
12245,11278,473,84,0
4893,22238,954,84,0
45843,29664,232,84,0
27918,40182,712,84,0
19917,11278,474,84,0
4630,22238,955,84,0
7947,29664,233,84,0
48390,40182,713,84,0
3013,11278,475,84,0
48140,22238,956,84,0
61699,29664,234,84,0
57853,40182,714,84,0
16572,11278,476,84,0
4356,22238,957,84,0
764,29664,235,84,0
2549,40182,715,84,0
31411,11278,477,84,0
52988,22238,958,84,0
26612,29664,236,84,0
50927,40182,716,84,0
30635,11278,478,84,0
7669,22238,959,84,0
36333,29664,237,84,0
37863,40182,717,84,0
12709,11278,479,84,0
32747,22238,960,84,0
58345,29664,238,84,0
64223,40182,718,84,0
21919,11278,480,84,0
65251,22238,961,84,0
34019,29664,239,84,0
29146,40182,719,84,0
25497,11278,481,84,0
25052,22238,962,84,0
61658,29664,240,84,0
50642,40182,720,84,0
53391,11278,482,84,0
34005,22238,963,84,0
28372,29664,241,84,0
55243,40182,721,84,0
44935,11278,483,84,0
9166,22238,964,84,0
56267,29664,242,84,0
31428,40182,722,84,0
43137,11278,484,84,0
36550,22238,965,84,0
